stage,dataset_size,seed,normal_scenario,attack_type,event_challenge_recall,sequence_detection_rate,preobjective_detection_rate,objective_detection_rate,median_time_to_detect_phase,mean_attack_mimicry_distance,flagged_poison_rejection_rate,attack_phase_count,attack_sequence_count
hardened_v3_event,10,42,normal_staggered,stealth_mimicry_ato,0.0,0.0,0.0,0.0,5.0,0.2851431519024096,0.0,48,12
hardened_v3_event,10,42,normal_staggered,slow_credential_probe,0.0,0.0,0.0,0.0,5.0,0.3081362716847189,0.0,48,12
hardened_v3_event,10,42,normal_staggered,session_replay_chain,0.0,0.0,0.0,0.0,5.0,0.3221503882345709,0.0,48,12
hardened_v3_event,10,42,normal_staggered,gradual_exfiltration,0.0,0.0,0.0,0.0,5.0,0.28014389019237923,0.0,48,12
hardened_v3_event,10,42,normal_staggered,distributed_lateral_drift,0.0,0.0,0.0,0.0,5.0,0.2587961285310535,0.0,32,8
hardened_v3_event,10,42,normal_staggered,profile_poisoning_chain,0.0,0.0,0.0,0.0,5.0,0.3216196162714628,1.0,48,12
sequence_v4,10,42,normal_staggered,stealth_mimicry_ato,0.0,0.0,0.0,0.0,5.0,0.2851431519024096,0.0,48,12
sequence_v4,10,42,normal_staggered,slow_credential_probe,0.0,0.0,0.0,0.0,5.0,0.3081362716847189,0.0,48,12
sequence_v4,10,42,normal_staggered,session_replay_chain,0.14583333333333334,0.5833333333333334,0.0,0.5833333333333334,4.0,0.3221503882345709,0.0,48,12
sequence_v4,10,42,normal_staggered,gradual_exfiltration,0.0,0.0,0.0,0.0,5.0,0.28014389019237923,0.0,48,12
sequence_v4,10,42,normal_staggered,distributed_lateral_drift,0.0,0.0,0.0,0.0,5.0,0.2587961285310535,0.0,32,8
sequence_v4,10,42,normal_staggered,profile_poisoning_chain,0.020833333333333332,0.08333333333333333,0.0,0.08333333333333333,5.0,0.3216196162714628,1.0,48,12
hardened_v3_event,10,42,normal_nat_burst,stealth_mimicry_ato,0.0,0.0,0.0,0.0,5.0,0.290456409413484,0.0,48,12
hardened_v3_event,10,42,normal_nat_burst,slow_credential_probe,0.0,0.0,0.0,0.0,5.0,0.31420304204221133,0.0,48,12
hardened_v3_event,10,42,normal_nat_burst,session_replay_chain,0.0625,0.25,0.0,0.25,5.0,0.33909357326996453,0.0,48,12
hardened_v3_event,10,42,normal_nat_burst,gradual_exfiltration,0.0,0.0,0.0,0.0,5.0,0.2891951449265406,0.0,48,12
hardened_v3_event,10,42,normal_nat_burst,distributed_lateral_drift,0.0,0.0,0.0,0.0,5.0,0.26199748736209066,0.0,32,8
hardened_v3_event,10,42,normal_nat_burst,profile_poisoning_chain,0.020833333333333332,0.08333333333333333,0.08333333333333333,0.0,5.0,0.3351559368599602,1.0,48,12
sequence_v4,10,42,normal_nat_burst,stealth_mimicry_ato,0.0,0.0,0.0,0.0,5.0,0.290456409413484,0.0,48,12
sequence_v4,10,42,normal_nat_burst,slow_credential_probe,0.0,0.0,0.0,0.0,5.0,0.31420304204221133,0.0,48,12
sequence_v4,10,42,normal_nat_burst,session_replay_chain,0.3125,0.75,0.5,0.75,3.5,0.33909357326996453,0.0,48,12
sequence_v4,10,42,normal_nat_burst,gradual_exfiltration,0.0,0.0,0.0,0.0,5.0,0.2891951449265406,0.0,48,12
sequence_v4,10,42,normal_nat_burst,distributed_lateral_drift,0.0,0.0,0.0,0.0,5.0,0.26199748736209066,0.0,32,8
sequence_v4,10,42,normal_nat_burst,profile_poisoning_chain,0.14583333333333334,0.5,0.08333333333333333,0.5,4.5,0.3351559368599602,1.0,48,12
hardened_v3_event,10,43,normal_staggered,stealth_mimicry_ato,0.0,0.0,0.0,0.0,5.0,0.2904708355706814,0.0,48,12
hardened_v3_event,10,43,normal_staggered,slow_credential_probe,0.020833333333333332,0.08333333333333333,0.0,0.08333333333333333,5.0,0.3164425239913737,0.0,48,12
hardened_v3_event,10,43,normal_staggered,session_replay_chain,0.041666666666666664,0.16666666666666666,0.0,0.16666666666666666,5.0,0.3316762350217387,0.0,48,12
hardened_v3_event,10,43,normal_staggered,gradual_exfiltration,0.0,0.0,0.0,0.0,5.0,0.28687174916013913,0.0,48,12
hardened_v3_event,10,43,normal_staggered,distributed_lateral_drift,0.0,0.0,0.0,0.0,5.0,0.2561884005454843,0.0,32,8
hardened_v3_event,10,43,normal_staggered,profile_poisoning_chain,0.0,0.0,0.0,0.0,5.0,0.3268155857618631,1.0,48,12
sequence_v4,10,43,normal_staggered,stealth_mimicry_ato,0.0,0.0,0.0,0.0,5.0,0.2904708355706814,0.0,48,12
sequence_v4,10,43,normal_staggered,slow_credential_probe,0.020833333333333332,0.08333333333333333,0.0,0.08333333333333333,5.0,0.3164425239913737,0.0,48,12
sequence_v4,10,43,normal_staggered,session_replay_chain,0.25,0.75,0.25,0.75,4.0,0.3316762350217387,0.0,48,12
sequence_v4,10,43,normal_staggered,gradual_exfiltration,0.0,0.0,0.0,0.0,5.0,0.28687174916013913,0.0,48,12
sequence_v4,10,43,normal_staggered,distributed_lateral_drift,0.0,0.0,0.0,0.0,5.0,0.2561884005454843,0.0,32,8
sequence_v4,10,43,normal_staggered,profile_poisoning_chain,0.041666666666666664,0.16666666666666666,0.0,0.16666666666666666,5.0,0.3268155857618631,1.0,48,12
hardened_v3_event,10,43,normal_nat_burst,stealth_mimicry_ato,0.0,0.0,0.0,0.0,5.0,0.2808397320962974,0.0,48,12
hardened_v3_event,10,43,normal_nat_burst,slow_credential_probe,0.0,0.0,0.0,0.0,5.0,0.3054674058032807,0.0,48,12
hardened_v3_event,10,43,normal_nat_burst,session_replay_chain,0.041666666666666664,0.16666666666666666,0.0,0.16666666666666666,5.0,0.32999722671928994,0.0,48,12
hardened_v3_event,10,43,normal_nat_burst,gradual_exfiltration,0.020833333333333332,0.08333333333333333,0.0,0.08333333333333333,5.0,0.2804806063643577,0.0,48,12
hardened_v3_event,10,43,normal_nat_burst,distributed_lateral_drift,0.0,0.0,0.0,0.0,5.0,0.2543359363741696,0.0,32,8
hardened_v3_event,10,43,normal_nat_burst,profile_poisoning_chain,0.0,0.0,0.0,0.0,5.0,0.3235015604461015,1.0,48,12
sequence_v4,10,43,normal_nat_burst,stealth_mimicry_ato,0.0,0.0,0.0,0.0,5.0,0.2808397320962974,0.0,48,12
sequence_v4,10,43,normal_nat_burst,slow_credential_probe,0.0,0.0,0.0,0.0,5.0,0.3054674058032807,0.0,48,12
sequence_v4,10,43,normal_nat_burst,session_replay_chain,0.2708333333333333,0.8333333333333334,0.25,0.8333333333333334,4.0,0.32999722671928994,0.0,48,12
sequence_v4,10,43,normal_nat_burst,gradual_exfiltration,0.020833333333333332,0.08333333333333333,0.0,0.08333333333333333,5.0,0.2804806063643577,0.0,48,12
sequence_v4,10,43,normal_nat_burst,distributed_lateral_drift,0.0,0.0,0.0,0.0,5.0,0.2543359363741696,0.0,32,8
sequence_v4,10,43,normal_nat_burst,profile_poisoning_chain,0.0625,0.25,0.0,0.25,5.0,0.3235015604461015,1.0,48,12
hardened_v3_event,10,44,normal_staggered,stealth_mimicry_ato,0.0,0.0,0.0,0.0,5.0,0.2897138315846422,0.0,48,12
hardened_v3_event,10,44,normal_staggered,slow_credential_probe,0.020833333333333332,0.08333333333333333,0.08333333333333333,0.0,5.0,0.3156583140546927,0.0,48,12
hardened_v3_event,10,44,normal_staggered,session_replay_chain,0.0625,0.25,0.0,0.25,5.0,0.3330289562406777,0.0,48,12
hardened_v3_event,10,44,normal_staggered,gradual_exfiltration,0.0,0.0,0.0,0.0,5.0,0.2912685580553395,0.0,48,12
hardened_v3_event,10,44,normal_staggered,distributed_lateral_drift,0.0,0.0,0.0,0.0,5.0,0.25706110137592125,0.0,32,8
hardened_v3_event,10,44,normal_staggered,profile_poisoning_chain,0.020833333333333332,0.08333333333333333,0.08333333333333333,0.0,5.0,0.326908739043072,1.0,48,12
sequence_v4,10,44,normal_staggered,stealth_mimicry_ato,0.0,0.0,0.0,0.0,5.0,0.2897138315846422,0.0,48,12
sequence_v4,10,44,normal_staggered,slow_credential_probe,0.020833333333333332,0.08333333333333333,0.08333333333333333,0.0,5.0,0.3156583140546927,0.0,48,12
sequence_v4,10,44,normal_staggered,session_replay_chain,0.2916666666666667,1.0,0.16666666666666666,1.0,4.0,0.3330289562406777,0.0,48,12
sequence_v4,10,44,normal_staggered,gradual_exfiltration,0.041666666666666664,0.16666666666666666,0.0,0.16666666666666666,5.0,0.2912685580553395,0.0,48,12
sequence_v4,10,44,normal_staggered,distributed_lateral_drift,0.0,0.0,0.0,0.0,5.0,0.25706110137592125,0.0,32,8
sequence_v4,10,44,normal_staggered,profile_poisoning_chain,0.08333333333333333,0.25,0.08333333333333333,0.25,5.0,0.326908739043072,1.0,48,12
hardened_v3_event,10,44,normal_nat_burst,stealth_mimicry_ato,0.0,0.0,0.0,0.0,5.0,0.28351807207868956,0.0,48,12
hardened_v3_event,10,44,normal_nat_burst,slow_credential_probe,0.0,0.0,0.0,0.0,5.0,0.3106300278405929,0.0,48,12
hardened_v3_event,10,44,normal_nat_burst,session_replay_chain,0.041666666666666664,0.16666666666666666,0.0,0.16666666666666666,5.0,0.33602944197525836,0.0,48,12
hardened_v3_event,10,44,normal_nat_burst,gradual_exfiltration,0.0,0.0,0.0,0.0,5.0,0.281640133605601,0.0,48,12
hardened_v3_event,10,44,normal_nat_burst,distributed_lateral_drift,0.0,0.0,0.0,0.0,5.0,0.2543205365073037,0.0,32,8
hardened_v3_event,10,44,normal_nat_burst,profile_poisoning_chain,0.0,0.0,0.0,0.0,5.0,0.3262068630409494,1.0,48,12
sequence_v4,10,44,normal_nat_burst,stealth_mimicry_ato,0.0,0.0,0.0,0.0,5.0,0.28351807207868956,0.0,48,12
sequence_v4,10,44,normal_nat_burst,slow_credential_probe,0.0,0.0,0.0,0.0,5.0,0.3106300278405929,0.0,48,12
sequence_v4,10,44,normal_nat_burst,session_replay_chain,0.25,0.8333333333333334,0.16666666666666666,0.8333333333333334,4.0,0.33602944197525836,0.0,48,12
sequence_v4,10,44,normal_nat_burst,gradual_exfiltration,0.020833333333333332,0.08333333333333333,0.0,0.08333333333333333,5.0,0.281640133605601,0.0,48,12
sequence_v4,10,44,normal_nat_burst,distributed_lateral_drift,0.0,0.0,0.0,0.0,5.0,0.2543205365073037,0.0,32,8
sequence_v4,10,44,normal_nat_burst,profile_poisoning_chain,0.0625,0.25,0.0,0.25,5.0,0.3262068630409494,1.0,48,12
hardened_v3_event,10,45,normal_staggered,stealth_mimicry_ato,0.0,0.0,0.0,0.0,5.0,0.29389924483903834,0.0,48,12
hardened_v3_event,10,45,normal_staggered,slow_credential_probe,0.020833333333333332,0.08333333333333333,0.08333333333333333,0.0,5.0,0.317422031432983,0.0,48,12
hardened_v3_event,10,45,normal_staggered,session_replay_chain,0.041666666666666664,0.16666666666666666,0.0,0.16666666666666666,5.0,0.3333110390879001,0.0,48,12
hardened_v3_event,10,45,normal_staggered,gradual_exfiltration,0.020833333333333332,0.08333333333333333,0.0,0.08333333333333333,5.0,0.29500541455094287,0.0,48,12
hardened_v3_event,10,45,normal_staggered,distributed_lateral_drift,0.0,0.0,0.0,0.0,5.0,0.2579772895821306,0.0,32,8
hardened_v3_event,10,45,normal_staggered,profile_poisoning_chain,0.041666666666666664,0.08333333333333333,0.08333333333333333,0.08333333333333333,5.0,0.3315759632611845,1.0,48,12
sequence_v4,10,45,normal_staggered,stealth_mimicry_ato,0.0,0.0,0.0,0.0,5.0,0.29389924483903834,0.0,48,12
sequence_v4,10,45,normal_staggered,slow_credential_probe,0.020833333333333332,0.08333333333333333,0.08333333333333333,0.0,5.0,0.317422031432983,0.0,48,12
sequence_v4,10,45,normal_staggered,session_replay_chain,0.2708333333333333,0.75,0.3333333333333333,0.75,4.0,0.3333110390879001,0.0,48,12
sequence_v4,10,45,normal_staggered,gradual_exfiltration,0.020833333333333332,0.08333333333333333,0.0,0.08333333333333333,5.0,0.29500541455094287,0.0,48,12
sequence_v4,10,45,normal_staggered,distributed_lateral_drift,0.0,0.0,0.0,0.0,5.0,0.2579772895821306,0.0,32,8
sequence_v4,10,45,normal_staggered,profile_poisoning_chain,0.125,0.4166666666666667,0.08333333333333333,0.4166666666666667,5.0,0.3315759632611845,1.0,48,12
hardened_v3_event,10,45,normal_nat_burst,stealth_mimicry_ato,0.0,0.0,0.0,0.0,5.0,0.27690219683042505,0.0,48,12
hardened_v3_event,10,45,normal_nat_burst,slow_credential_probe,0.020833333333333332,0.08333333333333333,0.0,0.08333333333333333,5.0,0.3064805015554513,0.0,48,12
hardened_v3_event,10,45,normal_nat_burst,session_replay_chain,0.08333333333333333,0.3333333333333333,0.0,0.3333333333333333,5.0,0.33117261760079253,0.0,48,12
hardened_v3_event,10,45,normal_nat_burst,gradual_exfiltration,0.0,0.0,0.0,0.0,5.0,0.2769139397224023,0.0,48,12
hardened_v3_event,10,45,normal_nat_burst,distributed_lateral_drift,0.0,0.0,0.0,0.0,5.0,0.2543382219097483,0.0,32,8
hardened_v3_event,10,45,normal_nat_burst,profile_poisoning_chain,0.0,0.0,0.0,0.0,5.0,0.31849994514598584,1.0,48,12
sequence_v4,10,45,normal_nat_burst,stealth_mimicry_ato,0.0,0.0,0.0,0.0,5.0,0.27690219683042505,0.0,48,12
sequence_v4,10,45,normal_nat_burst,slow_credential_probe,0.020833333333333332,0.08333333333333333,0.0,0.08333333333333333,5.0,0.3064805015554513,0.0,48,12
sequence_v4,10,45,normal_nat_burst,session_replay_chain,0.2916666666666667,0.8333333333333334,0.3333333333333333,0.8333333333333334,4.0,0.33117261760079253,0.0,48,12
sequence_v4,10,45,normal_nat_burst,gradual_exfiltration,0.0,0.0,0.0,0.0,5.0,0.2769139397224023,0.0,48,12
sequence_v4,10,45,normal_nat_burst,distributed_lateral_drift,0.0,0.0,0.0,0.0,5.0,0.2543382219097483,0.0,32,8
sequence_v4,10,45,normal_nat_burst,profile_poisoning_chain,0.020833333333333332,0.08333333333333333,0.0,0.08333333333333333,5.0,0.31849994514598584,1.0,48,12
hardened_v3_event,10,46,normal_staggered,stealth_mimicry_ato,0.0,0.0,0.0,0.0,5.0,0.28640378724310445,0.0,48,12
hardened_v3_event,10,46,normal_staggered,slow_credential_probe,0.0,0.0,0.0,0.0,5.0,0.31228015147059723,0.0,48,12
hardened_v3_event,10,46,normal_staggered,session_replay_chain,0.020833333333333332,0.08333333333333333,0.0,0.08333333333333333,5.0,0.3305812863335106,0.0,48,12
hardened_v3_event,10,46,normal_staggered,gradual_exfiltration,0.0,0.0,0.0,0.0,5.0,0.28276721213835304,0.0,48,12
hardened_v3_event,10,46,normal_staggered,distributed_lateral_drift,0.0,0.0,0.0,0.0,5.0,0.25861922104091983,0.0,32,8
hardened_v3_event,10,46,normal_staggered,profile_poisoning_chain,0.0,0.0,0.0,0.0,5.0,0.32256910298851554,1.0,48,12
sequence_v4,10,46,normal_staggered,stealth_mimicry_ato,0.0,0.0,0.0,0.0,5.0,0.28640378724310445,0.0,48,12
sequence_v4,10,46,normal_staggered,slow_credential_probe,0.0,0.0,0.0,0.0,5.0,0.31228015147059723,0.0,48,12
sequence_v4,10,46,normal_staggered,session_replay_chain,0.25,0.6666666666666666,0.3333333333333333,0.6666666666666666,4.0,0.3305812863335106,0.0,48,12
sequence_v4,10,46,normal_staggered,gradual_exfiltration,0.020833333333333332,0.08333333333333333,0.0,0.08333333333333333,5.0,0.28276721213835304,0.0,48,12
sequence_v4,10,46,normal_staggered,distributed_lateral_drift,0.0,0.0,0.0,0.0,5.0,0.25861922104091983,0.0,32,8
sequence_v4,10,46,normal_staggered,profile_poisoning_chain,0.0625,0.25,0.0,0.25,5.0,0.32256910298851554,1.0,48,12
hardened_v3_event,10,46,normal_nat_burst,stealth_mimicry_ato,0.0,0.0,0.0,0.0,5.0,0.28124251852970955,0.0,48,12
hardened_v3_event,10,46,normal_nat_burst,slow_credential_probe,0.020833333333333332,0.08333333333333333,0.0,0.08333333333333333,5.0,0.3066692919550677,0.0,48,12
hardened_v3_event,10,46,normal_nat_burst,session_replay_chain,0.041666666666666664,0.16666666666666666,0.0,0.16666666666666666,5.0,0.33265920963914336,0.0,48,12
hardened_v3_event,10,46,normal_nat_burst,gradual_exfiltration,0.0,0.0,0.0,0.0,5.0,0.2844730046406952,0.0,48,12
hardened_v3_event,10,46,normal_nat_burst,distributed_lateral_drift,0.0,0.0,0.0,0.0,5.0,0.2556938241710286,0.0,32,8
hardened_v3_event,10,46,normal_nat_burst,profile_poisoning_chain,0.0,0.0,0.0,0.0,5.0,0.3243214874534248,1.0,48,12
sequence_v4,10,46,normal_nat_burst,stealth_mimicry_ato,0.0,0.0,0.0,0.0,5.0,0.28124251852970955,0.0,48,12
sequence_v4,10,46,normal_nat_burst,slow_credential_probe,0.020833333333333332,0.08333333333333333,0.0,0.08333333333333333,5.0,0.3066692919550677,0.0,48,12
sequence_v4,10,46,normal_nat_burst,session_replay_chain,0.25,0.9166666666666666,0.08333333333333333,0.9166666666666666,4.0,0.33265920963914336,0.0,48,12
sequence_v4,10,46,normal_nat_burst,gradual_exfiltration,0.0,0.0,0.0,0.0,5.0,0.2844730046406952,0.0,48,12
sequence_v4,10,46,normal_nat_burst,distributed_lateral_drift,0.0,0.0,0.0,0.0,5.0,0.2556938241710286,0.0,32,8
sequence_v4,10,46,normal_nat_burst,profile_poisoning_chain,0.020833333333333332,0.08333333333333333,0.0,0.08333333333333333,5.0,0.3243214874534248,1.0,48,12
hardened_v3_event,50,42,normal_staggered,stealth_mimicry_ato,0.0,0.0,0.0,0.0,5.0,0.3011657493751519,0.0,48,12
hardened_v3_event,50,42,normal_staggered,slow_credential_probe,0.0,0.0,0.0,0.0,5.0,0.3232748220348189,0.0,48,12
hardened_v3_event,50,42,normal_staggered,session_replay_chain,0.0,0.0,0.0,0.0,5.0,0.33200547723907653,0.0,48,12
hardened_v3_event,50,42,normal_staggered,gradual_exfiltration,0.0,0.0,0.0,0.0,5.0,0.29772891362385634,0.0,48,12
hardened_v3_event,50,42,normal_staggered,distributed_lateral_drift,0.0,0.0,0.0,0.0,5.0,0.27454629501931127,0.0,32,8
hardened_v3_event,50,42,normal_staggered,profile_poisoning_chain,0.0,0.0,0.0,0.0,5.0,0.336826829891448,1.0,48,12
sequence_v4,50,42,normal_staggered,stealth_mimicry_ato,0.0,0.0,0.0,0.0,5.0,0.3011657493751519,0.0,48,12
sequence_v4,50,42,normal_staggered,slow_credential_probe,0.0,0.0,0.0,0.0,5.0,0.3232748220348189,0.0,48,12
sequence_v4,50,42,normal_staggered,session_replay_chain,0.2708333333333333,0.8333333333333334,0.25,0.8333333333333334,4.0,0.33200547723907653,0.0,48,12
sequence_v4,50,42,normal_staggered,gradual_exfiltration,0.0,0.0,0.0,0.0,5.0,0.29772891362385634,0.0,48,12
sequence_v4,50,42,normal_staggered,distributed_lateral_drift,0.0,0.0,0.0,0.0,5.0,0.27454629501931127,0.0,32,8
sequence_v4,50,42,normal_staggered,profile_poisoning_chain,0.08333333333333333,0.25,0.16666666666666666,0.16666666666666666,5.0,0.336826829891448,1.0,48,12
hardened_v3_event,50,42,normal_nat_burst,stealth_mimicry_ato,0.0,0.0,0.0,0.0,5.0,0.31021327436450125,0.0,48,12
hardened_v3_event,50,42,normal_nat_burst,slow_credential_probe,0.0,0.0,0.0,0.0,5.0,0.33247538957623207,0.0,48,12
hardened_v3_event,50,42,normal_nat_burst,session_replay_chain,0.0,0.0,0.0,0.0,5.0,0.3504963987082501,0.0,48,12
hardened_v3_event,50,42,normal_nat_burst,gradual_exfiltration,0.0,0.0,0.0,0.0,5.0,0.3033625827248984,0.0,48,12
hardened_v3_event,50,42,normal_nat_burst,distributed_lateral_drift,0.0,0.0,0.0,0.0,5.0,0.27594974897808366,0.0,32,8
hardened_v3_event,50,42,normal_nat_burst,profile_poisoning_chain,0.0,0.0,0.0,0.0,5.0,0.3483243882431734,1.0,48,12
sequence_v4,50,42,normal_nat_burst,stealth_mimicry_ato,0.0,0.0,0.0,0.0,5.0,0.31021327436450125,0.0,48,12
sequence_v4,50,42,normal_nat_burst,slow_credential_probe,0.0,0.0,0.0,0.0,5.0,0.33247538957623207,0.0,48,12
sequence_v4,50,42,normal_nat_burst,session_replay_chain,0.3541666666666667,0.9166666666666666,0.5,0.9166666666666666,3.5,0.3504963987082501,0.0,48,12
sequence_v4,50,42,normal_nat_burst,gradual_exfiltration,0.0,0.0,0.0,0.0,5.0,0.3033625827248984,0.0,48,12
sequence_v4,50,42,normal_nat_burst,distributed_lateral_drift,0.0,0.0,0.0,0.0,5.0,0.27594974897808366,0.0,32,8
sequence_v4,50,42,normal_nat_burst,profile_poisoning_chain,0.1875,0.5,0.3333333333333333,0.4166666666666667,4.5,0.3483243882431734,1.0,48,12
hardened_v3_event,50,43,normal_staggered,stealth_mimicry_ato,0.0,0.0,0.0,0.0,5.0,0.31156190912709186,0.0,48,12
hardened_v3_event,50,43,normal_staggered,slow_credential_probe,0.0,0.0,0.0,0.0,5.0,0.3340118305936198,0.0,48,12
hardened_v3_event,50,43,normal_staggered,session_replay_chain,0.0,0.0,0.0,0.0,5.0,0.34506326605939835,0.0,48,12
hardened_v3_event,50,43,normal_staggered,gradual_exfiltration,0.0,0.0,0.0,0.0,5.0,0.30585874978106675,0.0,48,12
hardened_v3_event,50,43,normal_staggered,distributed_lateral_drift,0.0,0.0,0.0,0.0,5.0,0.28242318732285293,0.0,32,8
hardened_v3_event,50,43,normal_staggered,profile_poisoning_chain,0.0,0.0,0.0,0.0,5.0,0.3468824756572939,1.0,48,12
sequence_v4,50,43,normal_staggered,stealth_mimicry_ato,0.0,0.0,0.0,0.0,5.0,0.31156190912709186,0.0,48,12
sequence_v4,50,43,normal_staggered,slow_credential_probe,0.0,0.0,0.0,0.0,5.0,0.3340118305936198,0.0,48,12
sequence_v4,50,43,normal_staggered,session_replay_chain,0.3125,1.0,0.25,1.0,4.0,0.34506326605939835,0.0,48,12
sequence_v4,50,43,normal_staggered,gradual_exfiltration,0.0,0.0,0.0,0.0,5.0,0.30585874978106675,0.0,48,12
sequence_v4,50,43,normal_staggered,distributed_lateral_drift,0.0,0.0,0.0,0.0,5.0,0.28242318732285293,0.0,32,8
sequence_v4,50,43,normal_staggered,profile_poisoning_chain,0.125,0.5,0.16666666666666666,0.3333333333333333,4.5,0.3468824756572939,1.0,48,12
hardened_v3_event,50,43,normal_nat_burst,stealth_mimicry_ato,0.0,0.0,0.0,0.0,5.0,0.2936037864259509,0.0,48,12
hardened_v3_event,50,43,normal_nat_burst,slow_credential_probe,0.0,0.0,0.0,0.0,5.0,0.316073108325347,0.0,48,12
hardened_v3_event,50,43,normal_nat_burst,session_replay_chain,0.0,0.0,0.0,0.0,5.0,0.33837916823679204,0.0,48,12
hardened_v3_event,50,43,normal_nat_burst,gradual_exfiltration,0.0,0.0,0.0,0.0,5.0,0.2868331487350669,0.0,48,12
hardened_v3_event,50,43,normal_nat_burst,distributed_lateral_drift,0.0,0.0,0.0,0.0,5.0,0.26651104921075947,0.0,32,8
hardened_v3_event,50,43,normal_nat_burst,profile_poisoning_chain,0.0,0.0,0.0,0.0,5.0,0.33502158796740106,1.0,48,12
sequence_v4,50,43,normal_nat_burst,stealth_mimicry_ato,0.0,0.0,0.0,0.0,5.0,0.2936037864259509,0.0,48,12
sequence_v4,50,43,normal_nat_burst,slow_credential_probe,0.0,0.0,0.0,0.0,5.0,0.316073108325347,0.0,48,12
sequence_v4,50,43,normal_nat_burst,session_replay_chain,0.2708333333333333,0.9166666666666666,0.16666666666666666,0.9166666666666666,4.0,0.33837916823679204,0.0,48,12
sequence_v4,50,43,normal_nat_burst,gradual_exfiltration,0.0,0.0,0.0,0.0,5.0,0.2868331487350669,0.0,48,12
sequence_v4,50,43,normal_nat_burst,distributed_lateral_drift,0.0,0.0,0.0,0.0,5.0,0.26651104921075947,0.0,32,8
sequence_v4,50,43,normal_nat_burst,profile_poisoning_chain,0.10416666666666667,0.3333333333333333,0.16666666666666666,0.25,5.0,0.33502158796740106,1.0,48,12
hardened_v3_event,50,44,normal_staggered,stealth_mimicry_ato,0.0,0.0,0.0,0.0,5.0,0.3065710520543296,0.0,48,12
hardened_v3_event,50,44,normal_staggered,slow_credential_probe,0.0,0.0,0.0,0.0,5.0,0.3292743262668205,0.0,48,12
hardened_v3_event,50,44,normal_staggered,session_replay_chain,0.0,0.0,0.0,0.0,5.0,0.338981655327016,0.0,48,12
hardened_v3_event,50,44,normal_staggered,gradual_exfiltration,0.0,0.0,0.0,0.0,5.0,0.302110566481078,0.0,48,12
hardened_v3_event,50,44,normal_staggered,distributed_lateral_drift,0.0,0.0,0.0,0.0,5.0,0.27923845793853425,0.0,32,8
hardened_v3_event,50,44,normal_staggered,profile_poisoning_chain,0.0,0.0,0.0,0.0,5.0,0.3431362461430445,1.0,48,12
sequence_v4,50,44,normal_staggered,stealth_mimicry_ato,0.0,0.0,0.0,0.0,5.0,0.3065710520543296,0.0,48,12
sequence_v4,50,44,normal_staggered,slow_credential_probe,0.0,0.0,0.0,0.0,5.0,0.3292743262668205,0.0,48,12
sequence_v4,50,44,normal_staggered,session_replay_chain,0.22916666666666666,0.9166666666666666,0.0,0.9166666666666666,4.0,0.338981655327016,0.0,48,12
sequence_v4,50,44,normal_staggered,gradual_exfiltration,0.0,0.0,0.0,0.0,5.0,0.302110566481078,0.0,48,12
sequence_v4,50,44,normal_staggered,distributed_lateral_drift,0.0,0.0,0.0,0.0,5.0,0.27923845793853425,0.0,32,8
sequence_v4,50,44,normal_staggered,profile_poisoning_chain,0.0625,0.16666666666666666,0.08333333333333333,0.16666666666666666,5.0,0.3431362461430445,1.0,48,12
hardened_v3_event,50,44,normal_nat_burst,stealth_mimicry_ato,0.0,0.0,0.0,0.0,5.0,0.30385459849242036,0.0,48,12
hardened_v3_event,50,44,normal_nat_burst,slow_credential_probe,0.0,0.0,0.0,0.0,5.0,0.3260249939102191,0.0,48,12
hardened_v3_event,50,44,normal_nat_burst,session_replay_chain,0.0,0.0,0.0,0.0,5.0,0.34632040263776576,0.0,48,12
hardened_v3_event,50,44,normal_nat_burst,gradual_exfiltration,0.0,0.0,0.0,0.0,5.0,0.29707812240681225,0.0,48,12
hardened_v3_event,50,44,normal_nat_burst,distributed_lateral_drift,0.0,0.0,0.0,0.0,5.0,0.27436188022623725,0.0,32,8
hardened_v3_event,50,44,normal_nat_burst,profile_poisoning_chain,0.0,0.0,0.0,0.0,5.0,0.3446146511760297,1.0,48,12
sequence_v4,50,44,normal_nat_burst,stealth_mimicry_ato,0.0,0.0,0.0,0.0,5.0,0.30385459849242036,0.0,48,12
sequence_v4,50,44,normal_nat_burst,slow_credential_probe,0.0,0.0,0.0,0.0,5.0,0.3260249939102191,0.0,48,12
sequence_v4,50,44,normal_nat_burst,session_replay_chain,0.2916666666666667,0.9166666666666666,0.25,0.9166666666666666,4.0,0.34632040263776576,0.0,48,12
sequence_v4,50,44,normal_nat_burst,gradual_exfiltration,0.0,0.0,0.0,0.0,5.0,0.29707812240681225,0.0,48,12
sequence_v4,50,44,normal_nat_burst,distributed_lateral_drift,0.0,0.0,0.0,0.0,5.0,0.27436188022623725,0.0,32,8
sequence_v4,50,44,normal_nat_burst,profile_poisoning_chain,0.08333333333333333,0.25,0.08333333333333333,0.25,5.0,0.3446146511760297,1.0,48,12
hardened_v3_event,50,45,normal_staggered,stealth_mimicry_ato,0.0,0.0,0.0,0.0,5.0,0.30707144672026787,0.0,48,12
hardened_v3_event,50,45,normal_staggered,slow_credential_probe,0.0,0.0,0.0,0.0,5.0,0.3315523927390378,0.0,48,12
hardened_v3_event,50,45,normal_staggered,session_replay_chain,0.020833333333333332,0.08333333333333333,0.0,0.08333333333333333,5.0,0.3395085272246153,0.0,48,12
hardened_v3_event,50,45,normal_staggered,gradual_exfiltration,0.0,0.0,0.0,0.0,5.0,0.3012690964123222,0.0,48,12
hardened_v3_event,50,45,normal_staggered,distributed_lateral_drift,0.0,0.0,0.0,0.0,5.0,0.2783886241104344,0.0,32,8
hardened_v3_event,50,45,normal_staggered,profile_poisoning_chain,0.0,0.0,0.0,0.0,5.0,0.34191523514379574,1.0,48,12
sequence_v4,50,45,normal_staggered,stealth_mimicry_ato,0.0,0.0,0.0,0.0,5.0,0.30707144672026787,0.0,48,12
sequence_v4,50,45,normal_staggered,slow_credential_probe,0.0,0.0,0.0,0.0,5.0,0.3315523927390378,0.0,48,12
sequence_v4,50,45,normal_staggered,session_replay_chain,0.22916666666666666,0.8333333333333334,0.08333333333333333,0.8333333333333334,4.0,0.3395085272246153,0.0,48,12
sequence_v4,50,45,normal_staggered,gradual_exfiltration,0.0,0.0,0.0,0.0,5.0,0.3012690964123222,0.0,48,12
sequence_v4,50,45,normal_staggered,distributed_lateral_drift,0.0,0.0,0.0,0.0,5.0,0.2783886241104344,0.0,32,8
sequence_v4,50,45,normal_staggered,profile_poisoning_chain,0.041666666666666664,0.16666666666666666,0.08333333333333333,0.08333333333333333,5.0,0.34191523514379574,1.0,48,12
hardened_v3_event,50,45,normal_nat_burst,stealth_mimicry_ato,0.0,0.0,0.0,0.0,5.0,0.29682131129267475,0.0,48,12
hardened_v3_event,50,45,normal_nat_burst,slow_credential_probe,0.0,0.0,0.0,0.0,5.0,0.3212521277259757,0.0,48,12
hardened_v3_event,50,45,normal_nat_burst,session_replay_chain,0.0,0.0,0.0,0.0,5.0,0.34123834466886976,0.0,48,12
hardened_v3_event,50,45,normal_nat_burst,gradual_exfiltration,0.0,0.0,0.0,0.0,5.0,0.29151883939660733,0.0,48,12
hardened_v3_event,50,45,normal_nat_burst,distributed_lateral_drift,0.0,0.0,0.0,0.0,5.0,0.26627259288122035,0.0,32,8
hardened_v3_event,50,45,normal_nat_burst,profile_poisoning_chain,0.0,0.0,0.0,0.0,5.0,0.33642179602533,1.0,48,12
sequence_v4,50,45,normal_nat_burst,stealth_mimicry_ato,0.0,0.0,0.0,0.0,5.0,0.29682131129267475,0.0,48,12
sequence_v4,50,45,normal_nat_burst,slow_credential_probe,0.0,0.0,0.0,0.0,5.0,0.3212521277259757,0.0,48,12
sequence_v4,50,45,normal_nat_burst,session_replay_chain,0.3125,1.0,0.25,1.0,4.0,0.34123834466886976,0.0,48,12
sequence_v4,50,45,normal_nat_burst,gradual_exfiltration,0.0,0.0,0.0,0.0,5.0,0.29151883939660733,0.0,48,12
sequence_v4,50,45,normal_nat_burst,distributed_lateral_drift,0.0,0.0,0.0,0.0,5.0,0.26627259288122035,0.0,32,8
sequence_v4,50,45,normal_nat_burst,profile_poisoning_chain,0.08333333333333333,0.25,0.08333333333333333,0.25,5.0,0.33642179602533,1.0,48,12
hardened_v3_event,50,46,normal_staggered,stealth_mimicry_ato,0.0,0.0,0.0,0.0,5.0,0.31222298361796563,0.0,48,12
hardened_v3_event,50,46,normal_staggered,slow_credential_probe,0.0,0.0,0.0,0.0,5.0,0.3336773549691954,0.0,48,12
hardened_v3_event,50,46,normal_staggered,session_replay_chain,0.0,0.0,0.0,0.0,5.0,0.3456002649302878,0.0,48,12
hardened_v3_event,50,46,normal_staggered,gradual_exfiltration,0.0,0.0,0.0,0.0,5.0,0.3103478303755017,0.0,48,12
hardened_v3_event,50,46,normal_staggered,distributed_lateral_drift,0.0,0.0,0.0,0.0,5.0,0.2831858974253416,0.0,32,8
hardened_v3_event,50,46,normal_staggered,profile_poisoning_chain,0.0,0.0,0.0,0.0,5.0,0.34805146410215904,1.0,48,12
sequence_v4,50,46,normal_staggered,stealth_mimicry_ato,0.0,0.0,0.0,0.0,5.0,0.31222298361796563,0.0,48,12
sequence_v4,50,46,normal_staggered,slow_credential_probe,0.0,0.0,0.0,0.0,5.0,0.3336773549691954,0.0,48,12
sequence_v4,50,46,normal_staggered,session_replay_chain,0.2708333333333333,0.9166666666666666,0.16666666666666666,0.9166666666666666,4.0,0.3456002649302878,0.0,48,12
sequence_v4,50,46,normal_staggered,gradual_exfiltration,0.0,0.0,0.0,0.0,5.0,0.3103478303755017,0.0,48,12
sequence_v4,50,46,normal_staggered,distributed_lateral_drift,0.0,0.0,0.0,0.0,5.0,0.2831858974253416,0.0,32,8
sequence_v4,50,46,normal_staggered,profile_poisoning_chain,0.14583333333333334,0.3333333333333333,0.25,0.3333333333333333,5.0,0.34805146410215904,1.0,48,12
hardened_v3_event,50,46,normal_nat_burst,stealth_mimicry_ato,0.0,0.0,0.0,0.0,5.0,0.29512116560998786,0.0,48,12
hardened_v3_event,50,46,normal_nat_burst,slow_credential_probe,0.0,0.0,0.0,0.0,5.0,0.3169721279768946,0.0,48,12
hardened_v3_event,50,46,normal_nat_burst,session_replay_chain,0.0,0.0,0.0,0.0,5.0,0.3372848084816205,0.0,48,12
hardened_v3_event,50,46,normal_nat_burst,gradual_exfiltration,0.0,0.0,0.0,0.0,5.0,0.2883157626283621,0.0,48,12
hardened_v3_event,50,46,normal_nat_burst,distributed_lateral_drift,0.0,0.0,0.0,0.0,5.0,0.26855032318323513,0.0,32,8
hardened_v3_event,50,46,normal_nat_burst,profile_poisoning_chain,0.0,0.0,0.0,0.0,5.0,0.33518365424000635,1.0,48,12
sequence_v4,50,46,normal_nat_burst,stealth_mimicry_ato,0.0,0.0,0.0,0.0,5.0,0.29512116560998786,0.0,48,12
sequence_v4,50,46,normal_nat_burst,slow_credential_probe,0.0,0.0,0.0,0.0,5.0,0.3169721279768946,0.0,48,12
sequence_v4,50,46,normal_nat_burst,session_replay_chain,0.3333333333333333,1.0,0.3333333333333333,1.0,4.0,0.3372848084816205,0.0,48,12
sequence_v4,50,46,normal_nat_burst,gradual_exfiltration,0.0,0.0,0.0,0.0,5.0,0.2883157626283621,0.0,48,12
sequence_v4,50,46,normal_nat_burst,distributed_lateral_drift,0.0,0.0,0.0,0.0,5.0,0.26855032318323513,0.0,32,8
sequence_v4,50,46,normal_nat_burst,profile_poisoning_chain,0.10416666666666667,0.3333333333333333,0.08333333333333333,0.3333333333333333,5.0,0.33518365424000635,1.0,48,12
hardened_v3_event,100,42,normal_staggered,stealth_mimicry_ato,0.0,0.0,0.0,0.0,5.0,0.3057873471285855,0.0,48,12
hardened_v3_event,100,42,normal_staggered,slow_credential_probe,0.0,0.0,0.0,0.0,5.0,0.32804358939351735,0.0,48,12
hardened_v3_event,100,42,normal_staggered,session_replay_chain,0.0,0.0,0.0,0.0,5.0,0.33628086250318695,0.0,48,12
hardened_v3_event,100,42,normal_staggered,gradual_exfiltration,0.0,0.0,0.0,0.0,5.0,0.29767928988689674,0.0,48,12
hardened_v3_event,100,42,normal_staggered,distributed_lateral_drift,0.0,0.0,0.0,0.0,5.0,0.2775452409944185,0.0,32,8
hardened_v3_event,100,42,normal_staggered,profile_poisoning_chain,0.020833333333333332,0.08333333333333333,0.08333333333333333,0.0,5.0,0.3384397397526017,1.0,48,12
sequence_v4,100,42,normal_staggered,stealth_mimicry_ato,0.0,0.0,0.0,0.0,5.0,0.3057873471285855,0.0,48,12
sequence_v4,100,42,normal_staggered,slow_credential_probe,0.0,0.0,0.0,0.0,5.0,0.32804358939351735,0.0,48,12
sequence_v4,100,42,normal_staggered,session_replay_chain,0.22916666666666666,0.75,0.16666666666666666,0.75,4.0,0.33628086250318695,0.0,48,12
sequence_v4,100,42,normal_staggered,gradual_exfiltration,0.020833333333333332,0.08333333333333333,0.0,0.08333333333333333,5.0,0.29767928988689674,0.0,48,12
sequence_v4,100,42,normal_staggered,distributed_lateral_drift,0.0,0.0,0.0,0.0,5.0,0.2775452409944185,0.0,32,8
sequence_v4,100,42,normal_staggered,profile_poisoning_chain,0.08333333333333333,0.25,0.16666666666666666,0.16666666666666666,5.0,0.3384397397526017,1.0,48,12
hardened_v3_event,100,42,normal_nat_burst,stealth_mimicry_ato,0.0,0.0,0.0,0.0,5.0,0.3078239572097171,0.0,48,12
hardened_v3_event,100,42,normal_nat_burst,slow_credential_probe,0.0,0.0,0.0,0.0,5.0,0.33105691333972914,0.0,48,12
hardened_v3_event,100,42,normal_nat_burst,session_replay_chain,0.0,0.0,0.0,0.0,5.0,0.35018394386184853,0.0,48,12
hardened_v3_event,100,42,normal_nat_burst,gradual_exfiltration,0.0,0.0,0.0,0.0,5.0,0.3004475340316908,0.0,48,12
hardened_v3_event,100,42,normal_nat_burst,distributed_lateral_drift,0.0,0.0,0.0,0.0,5.0,0.28012964351968817,0.0,32,8
hardened_v3_event,100,42,normal_nat_burst,profile_poisoning_chain,0.0,0.0,0.0,0.0,5.0,0.3458534832554136,1.0,48,12
sequence_v4,100,42,normal_nat_burst,stealth_mimicry_ato,0.0,0.0,0.0,0.0,5.0,0.3078239572097171,0.0,48,12
sequence_v4,100,42,normal_nat_burst,slow_credential_probe,0.0,0.0,0.0,0.0,5.0,0.33105691333972914,0.0,48,12
sequence_v4,100,42,normal_nat_burst,session_replay_chain,0.3541666666666667,1.0,0.4166666666666667,1.0,4.0,0.35018394386184853,0.0,48,12
sequence_v4,100,42,normal_nat_burst,gradual_exfiltration,0.0,0.0,0.0,0.0,5.0,0.3004475340316908,0.0,48,12
sequence_v4,100,42,normal_nat_burst,distributed_lateral_drift,0.0,0.0,0.0,0.0,5.0,0.28012964351968817,0.0,32,8
sequence_v4,100,42,normal_nat_burst,profile_poisoning_chain,0.16666666666666666,0.4166666666666667,0.25,0.4166666666666667,5.0,0.3458534832554136,1.0,48,12
hardened_v3_event,100,43,normal_staggered,stealth_mimicry_ato,0.0,0.0,0.0,0.0,5.0,0.3068511469042507,0.0,48,12
hardened_v3_event,100,43,normal_staggered,slow_credential_probe,0.0,0.0,0.0,0.0,5.0,0.3299749454170909,0.0,48,12
hardened_v3_event,100,43,normal_staggered,session_replay_chain,0.0,0.0,0.0,0.0,5.0,0.3362362616240689,0.0,48,12
hardened_v3_event,100,43,normal_staggered,gradual_exfiltration,0.0,0.0,0.0,0.0,5.0,0.30081525282152133,0.0,48,12
hardened_v3_event,100,43,normal_staggered,distributed_lateral_drift,0.0,0.0,0.0,0.0,5.0,0.2773432486531838,0.0,32,8
hardened_v3_event,100,43,normal_staggered,profile_poisoning_chain,0.0,0.0,0.0,0.0,5.0,0.34072674178300194,1.0,48,12
sequence_v4,100,43,normal_staggered,stealth_mimicry_ato,0.0,0.0,0.0,0.0,5.0,0.3068511469042507,0.0,48,12
sequence_v4,100,43,normal_staggered,slow_credential_probe,0.0,0.0,0.0,0.0,5.0,0.3299749454170909,0.0,48,12
sequence_v4,100,43,normal_staggered,session_replay_chain,0.2708333333333333,0.8333333333333334,0.25,0.8333333333333334,4.0,0.3362362616240689,0.0,48,12
sequence_v4,100,43,normal_staggered,gradual_exfiltration,0.0,0.0,0.0,0.0,5.0,0.30081525282152133,0.0,48,12
sequence_v4,100,43,normal_staggered,distributed_lateral_drift,0.0,0.0,0.0,0.0,5.0,0.2773432486531838,0.0,32,8
sequence_v4,100,43,normal_staggered,profile_poisoning_chain,0.08333333333333333,0.3333333333333333,0.0,0.3333333333333333,5.0,0.34072674178300194,1.0,48,12
hardened_v3_event,100,43,normal_nat_burst,stealth_mimicry_ato,0.0,0.0,0.0,0.0,5.0,0.29329839049685147,0.0,48,12
hardened_v3_event,100,43,normal_nat_burst,slow_credential_probe,0.0,0.0,0.0,0.0,5.0,0.3175685099050967,0.0,48,12
hardened_v3_event,100,43,normal_nat_burst,session_replay_chain,0.0,0.0,0.0,0.0,5.0,0.33855025415404577,0.0,48,12
hardened_v3_event,100,43,normal_nat_burst,gradual_exfiltration,0.0,0.0,0.0,0.0,5.0,0.28644872253012954,0.0,48,12
hardened_v3_event,100,43,normal_nat_burst,distributed_lateral_drift,0.0,0.0,0.0,0.0,5.0,0.26962409170882085,0.0,32,8
hardened_v3_event,100,43,normal_nat_burst,profile_poisoning_chain,0.0,0.0,0.0,0.0,5.0,0.3332905363056994,1.0,48,12
sequence_v4,100,43,normal_nat_burst,stealth_mimicry_ato,0.0,0.0,0.0,0.0,5.0,0.29329839049685147,0.0,48,12
sequence_v4,100,43,normal_nat_burst,slow_credential_probe,0.0,0.0,0.0,0.0,5.0,0.3175685099050967,0.0,48,12
sequence_v4,100,43,normal_nat_burst,session_replay_chain,0.25,0.75,0.25,0.75,4.0,0.33855025415404577,0.0,48,12
sequence_v4,100,43,normal_nat_burst,gradual_exfiltration,0.0,0.0,0.0,0.0,5.0,0.28644872253012954,0.0,48,12
sequence_v4,100,43,normal_nat_burst,distributed_lateral_drift,0.0,0.0,0.0,0.0,5.0,0.26962409170882085,0.0,32,8
sequence_v4,100,43,normal_nat_burst,profile_poisoning_chain,0.10416666666666667,0.3333333333333333,0.16666666666666666,0.25,5.0,0.3332905363056994,1.0,48,12
hardened_v3_event,100,44,normal_staggered,stealth_mimicry_ato,0.0,0.0,0.0,0.0,5.0,0.29761963947011855,0.0,48,12
hardened_v3_event,100,44,normal_staggered,slow_credential_probe,0.0,0.0,0.0,0.0,5.0,0.3211572508765375,0.0,48,12
hardened_v3_event,100,44,normal_staggered,session_replay_chain,0.0,0.0,0.0,0.0,5.0,0.3314381271404712,0.0,48,12
hardened_v3_event,100,44,normal_staggered,gradual_exfiltration,0.0,0.0,0.0,0.0,5.0,0.2914724943915738,0.0,48,12
hardened_v3_event,100,44,normal_staggered,distributed_lateral_drift,0.0,0.0,0.0,0.0,5.0,0.272844868671882,0.0,32,8
hardened_v3_event,100,44,normal_staggered,profile_poisoning_chain,0.0,0.0,0.0,0.0,5.0,0.33164396599257967,1.0,48,12
sequence_v4,100,44,normal_staggered,stealth_mimicry_ato,0.0,0.0,0.0,0.0,5.0,0.29761963947011855,0.0,48,12
sequence_v4,100,44,normal_staggered,slow_credential_probe,0.0,0.0,0.0,0.0,5.0,0.3211572508765375,0.0,48,12
sequence_v4,100,44,normal_staggered,session_replay_chain,0.25,0.8333333333333334,0.16666666666666666,0.8333333333333334,4.0,0.3314381271404712,0.0,48,12
sequence_v4,100,44,normal_staggered,gradual_exfiltration,0.0,0.0,0.0,0.0,5.0,0.2914724943915738,0.0,48,12
sequence_v4,100,44,normal_staggered,distributed_lateral_drift,0.0,0.0,0.0,0.0,5.0,0.272844868671882,0.0,32,8
sequence_v4,100,44,normal_staggered,profile_poisoning_chain,0.0625,0.25,0.0,0.25,5.0,0.33164396599257967,1.0,48,12
hardened_v3_event,100,44,normal_nat_burst,stealth_mimicry_ato,0.0,0.0,0.0,0.0,5.0,0.2950238348028284,0.0,48,12
hardened_v3_event,100,44,normal_nat_burst,slow_credential_probe,0.0,0.0,0.0,0.0,5.0,0.3183128726430682,0.0,48,12
hardened_v3_event,100,44,normal_nat_burst,session_replay_chain,0.0,0.0,0.0,0.0,5.0,0.3390142493538982,0.0,48,12
hardened_v3_event,100,44,normal_nat_burst,gradual_exfiltration,0.0,0.0,0.0,0.0,5.0,0.28777735772605045,0.0,48,12
hardened_v3_event,100,44,normal_nat_burst,distributed_lateral_drift,0.0,0.0,0.0,0.0,5.0,0.26684507735343144,0.0,32,8
hardened_v3_event,100,44,normal_nat_burst,profile_poisoning_chain,0.0,0.0,0.0,0.0,5.0,0.3357611543862458,1.0,48,12
sequence_v4,100,44,normal_nat_burst,stealth_mimicry_ato,0.0,0.0,0.0,0.0,5.0,0.2950238348028284,0.0,48,12
sequence_v4,100,44,normal_nat_burst,slow_credential_probe,0.0,0.0,0.0,0.0,5.0,0.3183128726430682,0.0,48,12
sequence_v4,100,44,normal_nat_burst,session_replay_chain,0.20833333333333334,0.6666666666666666,0.16666666666666666,0.6666666666666666,4.0,0.3390142493538982,0.0,48,12
sequence_v4,100,44,normal_nat_burst,gradual_exfiltration,0.0,0.0,0.0,0.0,5.0,0.28777735772605045,0.0,48,12
sequence_v4,100,44,normal_nat_burst,distributed_lateral_drift,0.0,0.0,0.0,0.0,5.0,0.26684507735343144,0.0,32,8
sequence_v4,100,44,normal_nat_burst,profile_poisoning_chain,0.0625,0.16666666666666666,0.08333333333333333,0.16666666666666666,5.0,0.3357611543862458,1.0,48,12
hardened_v3_event,100,45,normal_staggered,stealth_mimicry_ato,0.0,0.0,0.0,0.0,5.0,0.3042321692570525,0.0,48,12
hardened_v3_event,100,45,normal_staggered,slow_credential_probe,0.0,0.0,0.0,0.0,5.0,0.3283817303415168,0.0,48,12
hardened_v3_event,100,45,normal_staggered,session_replay_chain,0.0,0.0,0.0,0.0,5.0,0.33862779827781003,0.0,48,12
hardened_v3_event,100,45,normal_staggered,gradual_exfiltration,0.0,0.0,0.0,0.0,5.0,0.29558074533652984,0.0,48,12
hardened_v3_event,100,45,normal_staggered,distributed_lateral_drift,0.0,0.0,0.0,0.0,5.0,0.27534953989823324,0.0,32,8
hardened_v3_event,100,45,normal_staggered,profile_poisoning_chain,0.0,0.0,0.0,0.0,5.0,0.3384351022704189,1.0,48,12
sequence_v4,100,45,normal_staggered,stealth_mimicry_ato,0.0,0.0,0.0,0.0,5.0,0.3042321692570525,0.0,48,12
sequence_v4,100,45,normal_staggered,slow_credential_probe,0.0,0.0,0.0,0.0,5.0,0.3283817303415168,0.0,48,12
sequence_v4,100,45,normal_staggered,session_replay_chain,0.2916666666666667,0.8333333333333334,0.3333333333333333,0.8333333333333334,4.0,0.33862779827781003,0.0,48,12
sequence_v4,100,45,normal_staggered,gradual_exfiltration,0.0,0.0,0.0,0.0,5.0,0.29558074533652984,0.0,48,12
sequence_v4,100,45,normal_staggered,distributed_lateral_drift,0.0,0.0,0.0,0.0,5.0,0.27534953989823324,0.0,32,8
sequence_v4,100,45,normal_staggered,profile_poisoning_chain,0.0625,0.16666666666666666,0.08333333333333333,0.16666666666666666,5.0,0.3384351022704189,1.0,48,12
hardened_v3_event,100,45,normal_nat_burst,stealth_mimicry_ato,0.0,0.0,0.0,0.0,5.0,0.30340364140973064,0.0,48,12
hardened_v3_event,100,45,normal_nat_burst,slow_credential_probe,0.0,0.0,0.0,0.0,5.0,0.3265983332102292,0.0,48,12
hardened_v3_event,100,45,normal_nat_burst,session_replay_chain,0.0,0.0,0.0,0.0,5.0,0.34540679598151075,0.0,48,12
hardened_v3_event,100,45,normal_nat_burst,gradual_exfiltration,0.0,0.0,0.0,0.0,5.0,0.2944671613674921,0.0,48,12
hardened_v3_event,100,45,normal_nat_burst,distributed_lateral_drift,0.0,0.0,0.0,0.0,5.0,0.27433747488200516,0.0,32,8
hardened_v3_event,100,45,normal_nat_burst,profile_poisoning_chain,0.0,0.0,0.0,0.0,5.0,0.3426593023411073,1.0,48,12
sequence_v4,100,45,normal_nat_burst,stealth_mimicry_ato,0.0,0.0,0.0,0.0,5.0,0.30340364140973064,0.0,48,12
sequence_v4,100,45,normal_nat_burst,slow_credential_probe,0.0,0.0,0.0,0.0,5.0,0.3265983332102292,0.0,48,12
sequence_v4,100,45,normal_nat_burst,session_replay_chain,0.2708333333333333,0.75,0.3333333333333333,0.75,4.0,0.34540679598151075,0.0,48,12
sequence_v4,100,45,normal_nat_burst,gradual_exfiltration,0.0,0.0,0.0,0.0,5.0,0.2944671613674921,0.0,48,12
sequence_v4,100,45,normal_nat_burst,distributed_lateral_drift,0.0,0.0,0.0,0.0,5.0,0.27433747488200516,0.0,32,8
sequence_v4,100,45,normal_nat_burst,profile_poisoning_chain,0.10416666666666667,0.4166666666666667,0.16666666666666666,0.25,5.0,0.3426593023411073,1.0,48,12
hardened_v3_event,100,46,normal_staggered,stealth_mimicry_ato,0.0,0.0,0.0,0.0,5.0,0.3091962778953035,0.0,48,12
hardened_v3_event,100,46,normal_staggered,slow_credential_probe,0.0,0.0,0.0,0.0,5.0,0.332657497815462,0.0,48,12
hardened_v3_event,100,46,normal_staggered,session_replay_chain,0.0,0.0,0.0,0.0,5.0,0.33996165234983683,0.0,48,12
hardened_v3_event,100,46,normal_staggered,gradual_exfiltration,0.0,0.0,0.0,0.0,5.0,0.30193653354411043,0.0,48,12
hardened_v3_event,100,46,normal_staggered,distributed_lateral_drift,0.0,0.0,0.0,0.0,5.0,0.27950872105964664,0.0,32,8
hardened_v3_event,100,46,normal_staggered,profile_poisoning_chain,0.0,0.0,0.0,0.0,5.0,0.34125573703007966,1.0,48,12
sequence_v4,100,46,normal_staggered,stealth_mimicry_ato,0.0,0.0,0.0,0.0,5.0,0.3091962778953035,0.0,48,12
sequence_v4,100,46,normal_staggered,slow_credential_probe,0.0,0.0,0.0,0.0,5.0,0.332657497815462,0.0,48,12
sequence_v4,100,46,normal_staggered,session_replay_chain,0.3125,0.9166666666666666,0.3333333333333333,0.9166666666666666,4.0,0.33996165234983683,0.0,48,12
sequence_v4,100,46,normal_staggered,gradual_exfiltration,0.0,0.0,0.0,0.0,5.0,0.30193653354411043,0.0,48,12
sequence_v4,100,46,normal_staggered,distributed_lateral_drift,0.0,0.0,0.0,0.0,5.0,0.27950872105964664,0.0,32,8
sequence_v4,100,46,normal_staggered,profile_poisoning_chain,0.08333333333333333,0.3333333333333333,0.0,0.3333333333333333,5.0,0.34125573703007966,1.0,48,12
hardened_v3_event,100,46,normal_nat_burst,stealth_mimicry_ato,0.0,0.0,0.0,0.0,5.0,0.3057239341298128,0.0,48,12
hardened_v3_event,100,46,normal_nat_burst,slow_credential_probe,0.0,0.0,0.0,0.0,5.0,0.32729673315583624,0.0,48,12
hardened_v3_event,100,46,normal_nat_burst,session_replay_chain,0.0,0.0,0.0,0.0,5.0,0.35078372615798975,0.0,48,12
hardened_v3_event,100,46,normal_nat_burst,gradual_exfiltration,0.0,0.0,0.0,0.0,5.0,0.2992675713060288,0.0,48,12
hardened_v3_event,100,46,normal_nat_burst,distributed_lateral_drift,0.0,0.0,0.0,0.0,5.0,0.27927627464738514,0.0,32,8
hardened_v3_event,100,46,normal_nat_burst,profile_poisoning_chain,0.0,0.0,0.0,0.0,5.0,0.34771676551909564,1.0,48,12
sequence_v4,100,46,normal_nat_burst,stealth_mimicry_ato,0.0,0.0,0.0,0.0,5.0,0.3057239341298128,0.0,48,12
sequence_v4,100,46,normal_nat_burst,slow_credential_probe,0.0,0.0,0.0,0.0,5.0,0.32729673315583624,0.0,48,12
sequence_v4,100,46,normal_nat_burst,session_replay_chain,0.2916666666666667,0.8333333333333334,0.3333333333333333,0.8333333333333334,4.0,0.35078372615798975,0.0,48,12
sequence_v4,100,46,normal_nat_burst,gradual_exfiltration,0.0,0.0,0.0,0.0,5.0,0.2992675713060288,0.0,48,12
sequence_v4,100,46,normal_nat_burst,distributed_lateral_drift,0.0,0.0,0.0,0.0,5.0,0.27927627464738514,0.0,32,8
sequence_v4,100,46,normal_nat_burst,profile_poisoning_chain,0.14583333333333334,0.4166666666666667,0.16666666666666666,0.4166666666666667,5.0,0.34771676551909564,1.0,48,12
hardened_v3_event,500,42,normal_staggered,stealth_mimicry_ato,0.0,0.0,0.0,0.0,5.0,0.30256661739838475,0.0,48,12
hardened_v3_event,500,42,normal_staggered,slow_credential_probe,0.020833333333333332,0.08333333333333333,0.0,0.08333333333333333,5.0,0.3256803581619658,0.0,48,12
hardened_v3_event,500,42,normal_staggered,session_replay_chain,0.0,0.0,0.0,0.0,5.0,0.334498572972653,0.0,48,12
hardened_v3_event,500,42,normal_staggered,gradual_exfiltration,0.0,0.0,0.0,0.0,5.0,0.29531983866583783,0.0,48,12
hardened_v3_event,500,42,normal_staggered,distributed_lateral_drift,0.0,0.0,0.0,0.0,5.0,0.27681798320128204,0.0,32,8
hardened_v3_event,500,42,normal_staggered,profile_poisoning_chain,0.020833333333333332,0.08333333333333333,0.08333333333333333,0.0,5.0,0.33679618448309884,1.0,48,12
sequence_v4,500,42,normal_staggered,stealth_mimicry_ato,0.0,0.0,0.0,0.0,5.0,0.30256661739838475,0.0,48,12
sequence_v4,500,42,normal_staggered,slow_credential_probe,0.020833333333333332,0.08333333333333333,0.0,0.08333333333333333,5.0,0.3256803581619658,0.0,48,12
sequence_v4,500,42,normal_staggered,session_replay_chain,0.1875,0.5,0.25,0.5,4.5,0.334498572972653,0.0,48,12
sequence_v4,500,42,normal_staggered,gradual_exfiltration,0.0,0.0,0.0,0.0,5.0,0.29531983866583783,0.0,48,12
sequence_v4,500,42,normal_staggered,distributed_lateral_drift,0.0,0.0,0.0,0.0,5.0,0.27681798320128204,0.0,32,8
sequence_v4,500,42,normal_staggered,profile_poisoning_chain,0.08333333333333333,0.16666666666666666,0.16666666666666666,0.16666666666666666,5.0,0.33679618448309884,1.0,48,12
hardened_v3_event,500,42,normal_nat_burst,stealth_mimicry_ato,0.0,0.0,0.0,0.0,5.0,0.27884825643001004,0.0,48,12
hardened_v3_event,500,42,normal_nat_burst,slow_credential_probe,0.0,0.0,0.0,0.0,5.0,0.3016480775825768,0.0,48,12
hardened_v3_event,500,42,normal_nat_burst,session_replay_chain,0.0,0.0,0.0,0.0,5.0,0.33846658080304975,0.0,48,12
hardened_v3_event,500,42,normal_nat_burst,gradual_exfiltration,0.0,0.0,0.0,0.0,5.0,0.27147571593462744,0.0,48,12
hardened_v3_event,500,42,normal_nat_burst,distributed_lateral_drift,0.0,0.0,0.0,0.0,5.0,0.2708520865436018,0.0,32,8
hardened_v3_event,500,42,normal_nat_burst,profile_poisoning_chain,0.0,0.0,0.0,0.0,5.0,0.33442598538312956,1.0,48,12
sequence_v4,500,42,normal_nat_burst,stealth_mimicry_ato,0.0,0.0,0.0,0.0,5.0,0.27884825643001004,0.0,48,12
sequence_v4,500,42,normal_nat_burst,slow_credential_probe,0.0,0.0,0.0,0.0,5.0,0.3016480775825768,0.0,48,12
sequence_v4,500,42,normal_nat_burst,session_replay_chain,0.3125,0.8333333333333334,0.4166666666666667,0.8333333333333334,4.0,0.33846658080304975,0.0,48,12
sequence_v4,500,42,normal_nat_burst,gradual_exfiltration,0.020833333333333332,0.08333333333333333,0.0,0.08333333333333333,5.0,0.27147571593462744,0.0,48,12
sequence_v4,500,42,normal_nat_burst,distributed_lateral_drift,0.0,0.0,0.0,0.0,5.0,0.2708520865436018,0.0,32,8
sequence_v4,500,42,normal_nat_burst,profile_poisoning_chain,0.14583333333333334,0.4166666666666667,0.08333333333333333,0.4166666666666667,5.0,0.33442598538312956,1.0,48,12
hardened_v3_event,500,43,normal_staggered,stealth_mimicry_ato,0.0,0.0,0.0,0.0,5.0,0.2943275686059322,0.0,48,12
hardened_v3_event,500,43,normal_staggered,slow_credential_probe,0.0,0.0,0.0,0.0,5.0,0.3175603452415435,0.0,48,12
hardened_v3_event,500,43,normal_staggered,session_replay_chain,0.0,0.0,0.0,0.0,5.0,0.3264615917282713,0.0,48,12
hardened_v3_event,500,43,normal_staggered,gradual_exfiltration,0.0,0.0,0.0,0.0,5.0,0.2853506464236084,0.0,48,12
hardened_v3_event,500,43,normal_staggered,distributed_lateral_drift,0.0,0.0,0.0,0.0,5.0,0.2711960180490266,0.0,32,8
hardened_v3_event,500,43,normal_staggered,profile_poisoning_chain,0.0,0.0,0.0,0.0,5.0,0.3293631369245928,1.0,48,12
sequence_v4,500,43,normal_staggered,stealth_mimicry_ato,0.0,0.0,0.0,0.0,5.0,0.2943275686059322,0.0,48,12
sequence_v4,500,43,normal_staggered,slow_credential_probe,0.0,0.0,0.0,0.0,5.0,0.3175603452415435,0.0,48,12
sequence_v4,500,43,normal_staggered,session_replay_chain,0.20833333333333334,0.8333333333333334,0.0,0.8333333333333334,4.0,0.3264615917282713,0.0,48,12
sequence_v4,500,43,normal_staggered,gradual_exfiltration,0.0,0.0,0.0,0.0,5.0,0.2853506464236084,0.0,48,12
sequence_v4,500,43,normal_staggered,distributed_lateral_drift,0.0,0.0,0.0,0.0,5.0,0.2711960180490266,0.0,32,8
sequence_v4,500,43,normal_staggered,profile_poisoning_chain,0.125,0.4166666666666667,0.08333333333333333,0.4166666666666667,5.0,0.3293631369245928,1.0,48,12
hardened_v3_event,500,43,normal_nat_burst,stealth_mimicry_ato,0.0,0.0,0.0,0.0,5.0,0.28776285335355895,0.0,48,12
hardened_v3_event,500,43,normal_nat_burst,slow_credential_probe,0.0,0.0,0.0,0.0,5.0,0.31130095955322096,0.0,48,12
hardened_v3_event,500,43,normal_nat_burst,session_replay_chain,0.0,0.0,0.0,0.0,5.0,0.3389199431796949,0.0,48,12
hardened_v3_event,500,43,normal_nat_burst,gradual_exfiltration,0.0,0.0,0.0,0.0,5.0,0.28002039526868755,0.0,48,12
hardened_v3_event,500,43,normal_nat_burst,distributed_lateral_drift,0.0,0.0,0.0,0.0,5.0,0.2687490388413124,0.0,32,8
hardened_v3_event,500,43,normal_nat_burst,profile_poisoning_chain,0.0,0.0,0.0,0.0,5.0,0.33494931676962936,1.0,48,12
sequence_v4,500,43,normal_nat_burst,stealth_mimicry_ato,0.0,0.0,0.0,0.0,5.0,0.28776285335355895,0.0,48,12
sequence_v4,500,43,normal_nat_burst,slow_credential_probe,0.0,0.0,0.0,0.0,5.0,0.31130095955322096,0.0,48,12
sequence_v4,500,43,normal_nat_burst,session_replay_chain,0.3125,0.9166666666666666,0.3333333333333333,0.9166666666666666,4.0,0.3389199431796949,0.0,48,12
sequence_v4,500,43,normal_nat_burst,gradual_exfiltration,0.020833333333333332,0.08333333333333333,0.0,0.08333333333333333,5.0,0.28002039526868755,0.0,48,12
sequence_v4,500,43,normal_nat_burst,distributed_lateral_drift,0.0,0.0,0.0,0.0,5.0,0.2687490388413124,0.0,32,8
sequence_v4,500,43,normal_nat_burst,profile_poisoning_chain,0.125,0.4166666666666667,0.08333333333333333,0.4166666666666667,5.0,0.33494931676962936,1.0,48,12
hardened_v3_event,500,44,normal_staggered,stealth_mimicry_ato,0.0,0.0,0.0,0.0,5.0,0.30104451567382046,0.0,48,12
hardened_v3_event,500,44,normal_staggered,slow_credential_probe,0.0,0.0,0.0,0.0,5.0,0.32471531184127606,0.0,48,12
hardened_v3_event,500,44,normal_staggered,session_replay_chain,0.0,0.0,0.0,0.0,5.0,0.3319034447982358,0.0,48,12
hardened_v3_event,500,44,normal_staggered,gradual_exfiltration,0.0,0.0,0.0,0.0,5.0,0.2928604780777006,0.0,48,12
hardened_v3_event,500,44,normal_staggered,distributed_lateral_drift,0.0,0.0,0.0,0.0,5.0,0.27502004753476883,0.0,32,8
hardened_v3_event,500,44,normal_staggered,profile_poisoning_chain,0.0,0.0,0.0,0.0,5.0,0.33482540725813853,1.0,48,12
sequence_v4,500,44,normal_staggered,stealth_mimicry_ato,0.0,0.0,0.0,0.0,5.0,0.30104451567382046,0.0,48,12
sequence_v4,500,44,normal_staggered,slow_credential_probe,0.0,0.0,0.0,0.0,5.0,0.32471531184127606,0.0,48,12
sequence_v4,500,44,normal_staggered,session_replay_chain,0.2916666666666667,0.9166666666666666,0.25,0.9166666666666666,4.0,0.3319034447982358,0.0,48,12
sequence_v4,500,44,normal_staggered,gradual_exfiltration,0.0,0.0,0.0,0.0,5.0,0.2928604780777006,0.0,48,12
sequence_v4,500,44,normal_staggered,distributed_lateral_drift,0.0,0.0,0.0,0.0,5.0,0.27502004753476883,0.0,32,8
sequence_v4,500,44,normal_staggered,profile_poisoning_chain,0.125,0.25,0.25,0.25,5.0,0.33482540725813853,1.0,48,12
hardened_v3_event,500,44,normal_nat_burst,stealth_mimicry_ato,0.0,0.0,0.0,0.0,5.0,0.27036217655848166,0.0,48,12
hardened_v3_event,500,44,normal_nat_burst,slow_credential_probe,0.0,0.0,0.0,0.0,5.0,0.2929159445844205,0.0,48,12
hardened_v3_event,500,44,normal_nat_burst,session_replay_chain,0.0,0.0,0.0,0.0,5.0,0.3282134674811363,0.0,48,12
hardened_v3_event,500,44,normal_nat_burst,gradual_exfiltration,0.0,0.0,0.0,0.0,5.0,0.26221526461995986,0.0,48,12
hardened_v3_event,500,44,normal_nat_burst,distributed_lateral_drift,0.0,0.0,0.0,0.0,5.0,0.2644982984930775,0.0,32,8
hardened_v3_event,500,44,normal_nat_burst,profile_poisoning_chain,0.0,0.0,0.0,0.0,5.0,0.3256372484917474,1.0,48,12
sequence_v4,500,44,normal_nat_burst,stealth_mimicry_ato,0.0,0.0,0.0,0.0,5.0,0.27036217655848166,0.0,48,12
sequence_v4,500,44,normal_nat_burst,slow_credential_probe,0.0,0.0,0.0,0.0,5.0,0.2929159445844205,0.0,48,12
sequence_v4,500,44,normal_nat_burst,session_replay_chain,0.3125,0.8333333333333334,0.4166666666666667,0.8333333333333334,4.0,0.3282134674811363,0.0,48,12
sequence_v4,500,44,normal_nat_burst,gradual_exfiltration,0.0,0.0,0.0,0.0,5.0,0.26221526461995986,0.0,48,12
sequence_v4,500,44,normal_nat_burst,distributed_lateral_drift,0.0,0.0,0.0,0.0,5.0,0.2644982984930775,0.0,32,8
sequence_v4,500,44,normal_nat_burst,profile_poisoning_chain,0.08333333333333333,0.3333333333333333,0.0,0.3333333333333333,5.0,0.3256372484917474,1.0,48,12
hardened_v3_event,500,45,normal_staggered,stealth_mimicry_ato,0.0,0.0,0.0,0.0,5.0,0.2980001949703395,0.0,48,12
hardened_v3_event,500,45,normal_staggered,slow_credential_probe,0.0,0.0,0.0,0.0,5.0,0.3217305631432131,0.0,48,12
hardened_v3_event,500,45,normal_staggered,session_replay_chain,0.0,0.0,0.0,0.0,5.0,0.33052838089169456,0.0,48,12
hardened_v3_event,500,45,normal_staggered,gradual_exfiltration,0.0,0.0,0.0,0.0,5.0,0.29010689451197197,0.0,48,12
hardened_v3_event,500,45,normal_staggered,distributed_lateral_drift,0.0,0.0,0.0,0.0,5.0,0.27335541332209257,0.0,32,8
hardened_v3_event,500,45,normal_staggered,profile_poisoning_chain,0.0,0.0,0.0,0.0,5.0,0.3331447644429178,1.0,48,12
sequence_v4,500,45,normal_staggered,stealth_mimicry_ato,0.0,0.0,0.0,0.0,5.0,0.2980001949703395,0.0,48,12
sequence_v4,500,45,normal_staggered,slow_credential_probe,0.0,0.0,0.0,0.0,5.0,0.3217305631432131,0.0,48,12
sequence_v4,500,45,normal_staggered,session_replay_chain,0.14583333333333334,0.4166666666666667,0.16666666666666666,0.4166666666666667,5.0,0.33052838089169456,0.0,48,12
sequence_v4,500,45,normal_staggered,gradual_exfiltration,0.020833333333333332,0.08333333333333333,0.0,0.08333333333333333,5.0,0.29010689451197197,0.0,48,12
sequence_v4,500,45,normal_staggered,distributed_lateral_drift,0.0,0.0,0.0,0.0,5.0,0.27335541332209257,0.0,32,8
sequence_v4,500,45,normal_staggered,profile_poisoning_chain,0.10416666666666667,0.3333333333333333,0.08333333333333333,0.3333333333333333,5.0,0.3331447644429178,1.0,48,12
hardened_v3_event,500,45,normal_nat_burst,stealth_mimicry_ato,0.0,0.0,0.0,0.0,5.0,0.28458651797232765,0.0,48,12
hardened_v3_event,500,45,normal_nat_burst,slow_credential_probe,0.0,0.0,0.0,0.0,5.0,0.3075406333724346,0.0,48,12
hardened_v3_event,500,45,normal_nat_burst,session_replay_chain,0.0,0.0,0.0,0.0,5.0,0.34245430131062776,0.0,48,12
hardened_v3_event,500,45,normal_nat_burst,gradual_exfiltration,0.0,0.0,0.0,0.0,5.0,0.27663188207637024,0.0,48,12
hardened_v3_event,500,45,normal_nat_burst,distributed_lateral_drift,0.0,0.0,0.0,0.0,5.0,0.27475598255321193,0.0,32,8
hardened_v3_event,500,45,normal_nat_burst,profile_poisoning_chain,0.0,0.0,0.0,0.0,5.0,0.33936092719766897,1.0,48,12
sequence_v4,500,45,normal_nat_burst,stealth_mimicry_ato,0.0,0.0,0.0,0.0,5.0,0.28458651797232765,0.0,48,12
sequence_v4,500,45,normal_nat_burst,slow_credential_probe,0.0,0.0,0.0,0.0,5.0,0.3075406333724346,0.0,48,12
sequence_v4,500,45,normal_nat_burst,session_replay_chain,0.3541666666666667,1.0,0.4166666666666667,1.0,4.0,0.34245430131062776,0.0,48,12
sequence_v4,500,45,normal_nat_burst,gradual_exfiltration,0.0,0.0,0.0,0.0,5.0,0.27663188207637024,0.0,48,12
sequence_v4,500,45,normal_nat_burst,distributed_lateral_drift,0.0,0.0,0.0,0.0,5.0,0.27475598255321193,0.0,32,8
sequence_v4,500,45,normal_nat_burst,profile_poisoning_chain,0.1875,0.5833333333333334,0.08333333333333333,0.5833333333333334,4.0,0.33936092719766897,1.0,48,12
hardened_v3_event,500,46,normal_staggered,stealth_mimicry_ato,0.0,0.0,0.0,0.0,5.0,0.30021054563225974,0.0,48,12
hardened_v3_event,500,46,normal_staggered,slow_credential_probe,0.0,0.0,0.0,0.0,5.0,0.32287683995958133,0.0,48,12
hardened_v3_event,500,46,normal_staggered,session_replay_chain,0.0,0.0,0.0,0.0,5.0,0.33109823583259285,0.0,48,12
hardened_v3_event,500,46,normal_staggered,gradual_exfiltration,0.0,0.0,0.0,0.0,5.0,0.29145710725489277,0.0,48,12
hardened_v3_event,500,46,normal_staggered,distributed_lateral_drift,0.0,0.0,0.0,0.0,5.0,0.2745830717527254,0.0,32,8
hardened_v3_event,500,46,normal_staggered,profile_poisoning_chain,0.0,0.0,0.0,0.0,5.0,0.3343128872387198,1.0,48,12
sequence_v4,500,46,normal_staggered,stealth_mimicry_ato,0.0,0.0,0.0,0.0,5.0,0.30021054563225974,0.0,48,12
sequence_v4,500,46,normal_staggered,slow_credential_probe,0.0,0.0,0.0,0.0,5.0,0.32287683995958133,0.0,48,12
sequence_v4,500,46,normal_staggered,session_replay_chain,0.14583333333333334,0.5,0.08333333333333333,0.5,4.5,0.33109823583259285,0.0,48,12
sequence_v4,500,46,normal_staggered,gradual_exfiltration,0.0,0.0,0.0,0.0,5.0,0.29145710725489277,0.0,48,12
sequence_v4,500,46,normal_staggered,distributed_lateral_drift,0.0,0.0,0.0,0.0,5.0,0.2745830717527254,0.0,32,8
sequence_v4,500,46,normal_staggered,profile_poisoning_chain,0.0625,0.25,0.0,0.25,5.0,0.3343128872387198,1.0,48,12
hardened_v3_event,500,46,normal_nat_burst,stealth_mimicry_ato,0.0,0.0,0.0,0.0,5.0,0.2814393575111804,0.0,48,12
hardened_v3_event,500,46,normal_nat_burst,slow_credential_probe,0.0,0.0,0.0,0.0,5.0,0.3042760204126566,0.0,48,12
hardened_v3_event,500,46,normal_nat_burst,session_replay_chain,0.0,0.0,0.0,0.0,5.0,0.3382798799974404,0.0,48,12
hardened_v3_event,500,46,normal_nat_burst,gradual_exfiltration,0.0,0.0,0.0,0.0,5.0,0.27385635556321253,0.0,48,12
hardened_v3_event,500,46,normal_nat_burst,distributed_lateral_drift,0.0,0.0,0.0,0.0,5.0,0.27054192667215254,0.0,32,8
hardened_v3_event,500,46,normal_nat_burst,profile_poisoning_chain,0.0,0.0,0.0,0.0,5.0,0.33375205035247646,1.0,48,12
sequence_v4,500,46,normal_nat_burst,stealth_mimicry_ato,0.0,0.0,0.0,0.0,5.0,0.2814393575111804,0.0,48,12
sequence_v4,500,46,normal_nat_burst,slow_credential_probe,0.0,0.0,0.0,0.0,5.0,0.3042760204126566,0.0,48,12
sequence_v4,500,46,normal_nat_burst,session_replay_chain,0.3125,0.8333333333333334,0.3333333333333333,0.8333333333333334,4.0,0.3382798799974404,0.0,48,12
sequence_v4,500,46,normal_nat_burst,gradual_exfiltration,0.020833333333333332,0.08333333333333333,0.0,0.08333333333333333,5.0,0.27385635556321253,0.0,48,12
sequence_v4,500,46,normal_nat_burst,distributed_lateral_drift,0.0,0.0,0.0,0.0,5.0,0.27054192667215254,0.0,32,8
sequence_v4,500,46,normal_nat_burst,profile_poisoning_chain,0.125,0.3333333333333333,0.08333333333333333,0.3333333333333333,5.0,0.33375205035247646,1.0,48,12
hardened_v3_event,1000,42,normal_staggered,stealth_mimicry_ato,0.0,0.0,0.0,0.0,5.0,0.29709382484073915,0.0,48,12
hardened_v3_event,1000,42,normal_staggered,slow_credential_probe,0.0,0.0,0.0,0.0,5.0,0.3201697397227848,0.0,48,12
hardened_v3_event,1000,42,normal_staggered,session_replay_chain,0.0,0.0,0.0,0.0,5.0,0.32749060389235823,0.0,48,12
hardened_v3_event,1000,42,normal_staggered,gradual_exfiltration,0.0,0.0,0.0,0.0,5.0,0.289575132221417,0.0,48,12
hardened_v3_event,1000,42,normal_staggered,distributed_lateral_drift,0.0,0.0,0.0,0.0,5.0,0.27107394570890664,0.0,32,8
hardened_v3_event,1000,42,normal_staggered,profile_poisoning_chain,0.0,0.0,0.0,0.0,5.0,0.3300503874380106,1.0,48,12
sequence_v4,1000,42,normal_staggered,stealth_mimicry_ato,0.0,0.0,0.0,0.0,5.0,0.29709382484073915,0.0,48,12
sequence_v4,1000,42,normal_staggered,slow_credential_probe,0.0,0.0,0.0,0.0,5.0,0.3201697397227848,0.0,48,12
sequence_v4,1000,42,normal_staggered,session_replay_chain,0.25,0.75,0.25,0.75,4.0,0.32749060389235823,0.0,48,12
sequence_v4,1000,42,normal_staggered,gradual_exfiltration,0.0,0.0,0.0,0.0,5.0,0.289575132221417,0.0,48,12
sequence_v4,1000,42,normal_staggered,distributed_lateral_drift,0.0,0.0,0.0,0.0,5.0,0.27107394570890664,0.0,32,8
sequence_v4,1000,42,normal_staggered,profile_poisoning_chain,0.10416666666666667,0.3333333333333333,0.08333333333333333,0.3333333333333333,5.0,0.3300503874380106,1.0,48,12
hardened_v3_event,1000,42,normal_nat_burst,stealth_mimicry_ato,0.0,0.0,0.0,0.0,5.0,0.2856563552176672,0.0,48,12
hardened_v3_event,1000,42,normal_nat_burst,slow_credential_probe,0.0,0.0,0.0,0.0,5.0,0.3089510660515527,0.0,48,12
hardened_v3_event,1000,42,normal_nat_burst,session_replay_chain,0.0,0.0,0.0,0.0,5.0,0.3323737705900794,0.0,48,12
hardened_v3_event,1000,42,normal_nat_burst,gradual_exfiltration,0.0,0.0,0.0,0.0,5.0,0.2774014760736705,0.0,48,12
hardened_v3_event,1000,42,normal_nat_burst,distributed_lateral_drift,0.0,0.0,0.0,0.0,5.0,0.2611198862261618,0.0,32,8
hardened_v3_event,1000,42,normal_nat_burst,profile_poisoning_chain,0.0,0.0,0.0,0.0,5.0,0.3280741276172275,1.0,48,12
sequence_v4,1000,42,normal_nat_burst,stealth_mimicry_ato,0.0,0.0,0.0,0.0,5.0,0.2856563552176672,0.0,48,12
sequence_v4,1000,42,normal_nat_burst,slow_credential_probe,0.0,0.0,0.0,0.0,5.0,0.3089510660515527,0.0,48,12
sequence_v4,1000,42,normal_nat_burst,session_replay_chain,0.3333333333333333,0.9166666666666666,0.4166666666666667,0.9166666666666666,4.0,0.3323737705900794,0.0,48,12
sequence_v4,1000,42,normal_nat_burst,gradual_exfiltration,0.0,0.0,0.0,0.0,5.0,0.2774014760736705,0.0,48,12
sequence_v4,1000,42,normal_nat_burst,distributed_lateral_drift,0.0,0.0,0.0,0.0,5.0,0.2611198862261618,0.0,32,8
sequence_v4,1000,42,normal_nat_burst,profile_poisoning_chain,0.125,0.5,0.08333333333333333,0.4166666666666667,4.5,0.3280741276172275,1.0,48,12
hardened_v3_event,1000,43,normal_staggered,stealth_mimicry_ato,0.0,0.0,0.0,0.0,5.0,0.30608525936949343,0.0,48,12
hardened_v3_event,1000,43,normal_staggered,slow_credential_probe,0.020833333333333332,0.08333333333333333,0.08333333333333333,0.0,5.0,0.3292335180280456,0.0,48,12
hardened_v3_event,1000,43,normal_staggered,session_replay_chain,0.0,0.0,0.0,0.0,5.0,0.33403446424835126,0.0,48,12
hardened_v3_event,1000,43,normal_staggered,gradual_exfiltration,0.0,0.0,0.0,0.0,5.0,0.2967819530049242,0.0,48,12
hardened_v3_event,1000,43,normal_staggered,distributed_lateral_drift,0.0,0.0,0.0,0.0,5.0,0.27791029565407116,0.0,32,8
hardened_v3_event,1000,43,normal_staggered,profile_poisoning_chain,0.0,0.0,0.0,0.0,5.0,0.33807713234081027,1.0,48,12
sequence_v4,1000,43,normal_staggered,stealth_mimicry_ato,0.020833333333333332,0.08333333333333333,0.0,0.08333333333333333,5.0,0.30608525936949343,0.0,48,12
sequence_v4,1000,43,normal_staggered,slow_credential_probe,0.020833333333333332,0.08333333333333333,0.08333333333333333,0.0,5.0,0.3292335180280456,0.0,48,12
sequence_v4,1000,43,normal_staggered,session_replay_chain,0.3125,0.75,0.5,0.75,3.5,0.33403446424835126,0.0,48,12
sequence_v4,1000,43,normal_staggered,gradual_exfiltration,0.041666666666666664,0.16666666666666666,0.0,0.16666666666666666,5.0,0.2967819530049242,0.0,48,12
sequence_v4,1000,43,normal_staggered,distributed_lateral_drift,0.0,0.0,0.0,0.0,5.0,0.27791029565407116,0.0,32,8
sequence_v4,1000,43,normal_staggered,profile_poisoning_chain,0.08333333333333333,0.3333333333333333,0.0,0.3333333333333333,5.0,0.33807713234081027,1.0,48,12
hardened_v3_event,1000,43,normal_nat_burst,stealth_mimicry_ato,0.0,0.0,0.0,0.0,5.0,0.2953508771112167,0.0,48,12
hardened_v3_event,1000,43,normal_nat_burst,slow_credential_probe,0.0,0.0,0.0,0.0,5.0,0.31844909795492704,0.0,48,12
hardened_v3_event,1000,43,normal_nat_burst,session_replay_chain,0.0,0.0,0.0,0.0,5.0,0.3446254766787537,0.0,48,12
hardened_v3_event,1000,43,normal_nat_burst,gradual_exfiltration,0.0,0.0,0.0,0.0,5.0,0.28701891702589355,0.0,48,12
hardened_v3_event,1000,43,normal_nat_burst,distributed_lateral_drift,0.0,0.0,0.0,0.0,5.0,0.272723456923954,0.0,32,8
hardened_v3_event,1000,43,normal_nat_burst,profile_poisoning_chain,0.0,0.0,0.0,0.0,5.0,0.3413090071828046,1.0,48,12
sequence_v4,1000,43,normal_nat_burst,stealth_mimicry_ato,0.0,0.0,0.0,0.0,5.0,0.2953508771112167,0.0,48,12
sequence_v4,1000,43,normal_nat_burst,slow_credential_probe,0.0,0.0,0.0,0.0,5.0,0.31844909795492704,0.0,48,12
sequence_v4,1000,43,normal_nat_burst,session_replay_chain,0.3333333333333333,0.8333333333333334,0.5,0.8333333333333334,3.5,0.3446254766787537,0.0,48,12
sequence_v4,1000,43,normal_nat_burst,gradual_exfiltration,0.0,0.0,0.0,0.0,5.0,0.28701891702589355,0.0,48,12
sequence_v4,1000,43,normal_nat_burst,distributed_lateral_drift,0.0,0.0,0.0,0.0,5.0,0.272723456923954,0.0,32,8
sequence_v4,1000,43,normal_nat_burst,profile_poisoning_chain,0.22916666666666666,0.5833333333333334,0.3333333333333333,0.5833333333333334,4.0,0.3413090071828046,1.0,48,12
hardened_v3_event,1000,44,normal_staggered,stealth_mimicry_ato,0.0,0.0,0.0,0.0,5.0,0.29610658711052645,0.0,48,12
hardened_v3_event,1000,44,normal_staggered,slow_credential_probe,0.0,0.0,0.0,0.0,5.0,0.31935447677886075,0.0,48,12
hardened_v3_event,1000,44,normal_staggered,session_replay_chain,0.0,0.0,0.0,0.0,5.0,0.3277259772977288,0.0,48,12
hardened_v3_event,1000,44,normal_staggered,gradual_exfiltration,0.0,0.0,0.0,0.0,5.0,0.2877201057863819,0.0,48,12
hardened_v3_event,1000,44,normal_staggered,distributed_lateral_drift,0.0,0.0,0.0,0.0,5.0,0.26952187655432397,0.0,32,8
hardened_v3_event,1000,44,normal_staggered,profile_poisoning_chain,0.0,0.0,0.0,0.0,5.0,0.3292829361060996,1.0,48,12
sequence_v4,1000,44,normal_staggered,stealth_mimicry_ato,0.020833333333333332,0.08333333333333333,0.0,0.08333333333333333,5.0,0.29610658711052645,0.0,48,12
sequence_v4,1000,44,normal_staggered,slow_credential_probe,0.020833333333333332,0.08333333333333333,0.0,0.08333333333333333,5.0,0.31935447677886075,0.0,48,12
sequence_v4,1000,44,normal_staggered,session_replay_chain,0.22916666666666666,0.5833333333333334,0.3333333333333333,0.5833333333333334,4.0,0.3277259772977288,0.0,48,12
sequence_v4,1000,44,normal_staggered,gradual_exfiltration,0.0,0.0,0.0,0.0,5.0,0.2877201057863819,0.0,48,12
sequence_v4,1000,44,normal_staggered,distributed_lateral_drift,0.0,0.0,0.0,0.0,5.0,0.26952187655432397,0.0,32,8
sequence_v4,1000,44,normal_staggered,profile_poisoning_chain,0.0625,0.25,0.0,0.25,5.0,0.3292829361060996,1.0,48,12
hardened_v3_event,1000,44,normal_nat_burst,stealth_mimicry_ato,0.0,0.0,0.0,0.0,5.0,0.2955024911338088,0.0,48,12
hardened_v3_event,1000,44,normal_nat_burst,slow_credential_probe,0.0,0.0,0.0,0.0,5.0,0.3188835890517607,0.0,48,12
hardened_v3_event,1000,44,normal_nat_burst,session_replay_chain,0.0,0.0,0.0,0.0,5.0,0.34586715552310304,0.0,48,12
hardened_v3_event,1000,44,normal_nat_burst,gradual_exfiltration,0.0,0.0,0.0,0.0,5.0,0.2876829306659457,0.0,48,12
hardened_v3_event,1000,44,normal_nat_burst,distributed_lateral_drift,0.0,0.0,0.0,0.0,5.0,0.27221551796000526,0.0,32,8
hardened_v3_event,1000,44,normal_nat_burst,profile_poisoning_chain,0.0,0.0,0.0,0.0,5.0,0.34197258099322836,1.0,48,12
sequence_v4,1000,44,normal_nat_burst,stealth_mimicry_ato,0.0,0.0,0.0,0.0,5.0,0.2955024911338088,0.0,48,12
sequence_v4,1000,44,normal_nat_burst,slow_credential_probe,0.0,0.0,0.0,0.0,5.0,0.3188835890517607,0.0,48,12
sequence_v4,1000,44,normal_nat_burst,session_replay_chain,0.3958333333333333,0.9166666666666666,0.6666666666666666,0.9166666666666666,3.0,0.34586715552310304,0.0,48,12
sequence_v4,1000,44,normal_nat_burst,gradual_exfiltration,0.0,0.0,0.0,0.0,5.0,0.2876829306659457,0.0,48,12
sequence_v4,1000,44,normal_nat_burst,distributed_lateral_drift,0.0,0.0,0.0,0.0,5.0,0.27221551796000526,0.0,32,8
sequence_v4,1000,44,normal_nat_burst,profile_poisoning_chain,0.22916666666666666,0.5833333333333334,0.25,0.5833333333333334,4.0,0.34197258099322836,1.0,48,12
hardened_v3_event,1000,45,normal_staggered,stealth_mimicry_ato,0.0,0.0,0.0,0.0,5.0,0.3050220329379972,0.0,48,12
hardened_v3_event,1000,45,normal_staggered,slow_credential_probe,0.0,0.0,0.0,0.0,5.0,0.32849258019073274,0.0,48,12
hardened_v3_event,1000,45,normal_staggered,session_replay_chain,0.020833333333333332,0.08333333333333333,0.0,0.08333333333333333,5.0,0.334574882571689,0.0,48,12
hardened_v3_event,1000,45,normal_staggered,gradual_exfiltration,0.0,0.0,0.0,0.0,5.0,0.29628544124430384,0.0,48,12
hardened_v3_event,1000,45,normal_staggered,distributed_lateral_drift,0.0,0.0,0.0,0.0,5.0,0.27666550572939197,0.0,32,8
hardened_v3_event,1000,45,normal_staggered,profile_poisoning_chain,0.0,0.0,0.0,0.0,5.0,0.33712371285115045,1.0,48,12
sequence_v4,1000,45,normal_staggered,stealth_mimicry_ato,0.0,0.0,0.0,0.0,5.0,0.3050220329379972,0.0,48,12
sequence_v4,1000,45,normal_staggered,slow_credential_probe,0.0,0.0,0.0,0.0,5.0,0.32849258019073274,0.0,48,12
sequence_v4,1000,45,normal_staggered,session_replay_chain,0.3541666666666667,0.9166666666666666,0.5,0.9166666666666666,3.5,0.334574882571689,0.0,48,12
sequence_v4,1000,45,normal_staggered,gradual_exfiltration,0.0,0.0,0.0,0.0,5.0,0.29628544124430384,0.0,48,12
sequence_v4,1000,45,normal_staggered,distributed_lateral_drift,0.0,0.0,0.0,0.0,5.0,0.27666550572939197,0.0,32,8
sequence_v4,1000,45,normal_staggered,profile_poisoning_chain,0.08333333333333333,0.25,0.08333333333333333,0.25,5.0,0.33712371285115045,1.0,48,12
hardened_v3_event,1000,45,normal_nat_burst,stealth_mimicry_ato,0.0,0.0,0.0,0.0,5.0,0.2852657965930016,0.0,48,12
hardened_v3_event,1000,45,normal_nat_burst,slow_credential_probe,0.0,0.0,0.0,0.0,5.0,0.3085000115114387,0.0,48,12
hardened_v3_event,1000,45,normal_nat_burst,session_replay_chain,0.0,0.0,0.0,0.0,5.0,0.33016659479813887,0.0,48,12
hardened_v3_event,1000,45,normal_nat_burst,gradual_exfiltration,0.0,0.0,0.0,0.0,5.0,0.27653248025303084,0.0,48,12
hardened_v3_event,1000,45,normal_nat_burst,distributed_lateral_drift,0.0,0.0,0.0,0.0,5.0,0.2642212545540996,0.0,32,8
hardened_v3_event,1000,45,normal_nat_burst,profile_poisoning_chain,0.0,0.0,0.0,0.0,5.0,0.32693361810851407,1.0,48,12
sequence_v4,1000,45,normal_nat_burst,stealth_mimicry_ato,0.0,0.0,0.0,0.0,5.0,0.2852657965930016,0.0,48,12
sequence_v4,1000,45,normal_nat_burst,slow_credential_probe,0.0,0.0,0.0,0.0,5.0,0.3085000115114387,0.0,48,12
sequence_v4,1000,45,normal_nat_burst,session_replay_chain,0.3541666666666667,0.8333333333333334,0.5,0.8333333333333334,3.5,0.33016659479813887,0.0,48,12
sequence_v4,1000,45,normal_nat_burst,gradual_exfiltration,0.020833333333333332,0.08333333333333333,0.0,0.08333333333333333,5.0,0.27653248025303084,0.0,48,12
sequence_v4,1000,45,normal_nat_burst,distributed_lateral_drift,0.0,0.0,0.0,0.0,5.0,0.2642212545540996,0.0,32,8
sequence_v4,1000,45,normal_nat_burst,profile_poisoning_chain,0.10416666666666667,0.25,0.08333333333333333,0.25,5.0,0.32693361810851407,1.0,48,12
hardened_v3_event,1000,46,normal_staggered,stealth_mimicry_ato,0.0,0.0,0.0,0.0,5.0,0.3026767167475956,0.0,48,12
hardened_v3_event,1000,46,normal_staggered,slow_credential_probe,0.0,0.0,0.0,0.0,5.0,0.32538223004611844,0.0,48,12
hardened_v3_event,1000,46,normal_staggered,session_replay_chain,0.0,0.0,0.0,0.0,5.0,0.33264962756574373,0.0,48,12
hardened_v3_event,1000,46,normal_staggered,gradual_exfiltration,0.0,0.0,0.0,0.0,5.0,0.2937621741592214,0.0,48,12
hardened_v3_event,1000,46,normal_staggered,distributed_lateral_drift,0.0,0.0,0.0,0.0,5.0,0.27747496675878913,0.0,32,8
hardened_v3_event,1000,46,normal_staggered,profile_poisoning_chain,0.0,0.0,0.0,0.0,5.0,0.3360214543124353,1.0,48,12
sequence_v4,1000,46,normal_staggered,stealth_mimicry_ato,0.0,0.0,0.0,0.0,5.0,0.3026767167475956,0.0,48,12
sequence_v4,1000,46,normal_staggered,slow_credential_probe,0.0,0.0,0.0,0.0,5.0,0.32538223004611844,0.0,48,12
sequence_v4,1000,46,normal_staggered,session_replay_chain,0.3125,0.8333333333333334,0.4166666666666667,0.8333333333333334,4.0,0.33264962756574373,0.0,48,12
sequence_v4,1000,46,normal_staggered,gradual_exfiltration,0.020833333333333332,0.08333333333333333,0.0,0.08333333333333333,5.0,0.2937621741592214,0.0,48,12
sequence_v4,1000,46,normal_staggered,distributed_lateral_drift,0.0,0.0,0.0,0.0,5.0,0.27747496675878913,0.0,32,8
sequence_v4,1000,46,normal_staggered,profile_poisoning_chain,0.16666666666666666,0.4166666666666667,0.25,0.4166666666666667,5.0,0.3360214543124353,1.0,48,12
hardened_v3_event,1000,46,normal_nat_burst,stealth_mimicry_ato,0.0,0.0,0.0,0.0,5.0,0.28563900274300585,0.0,48,12
hardened_v3_event,1000,46,normal_nat_burst,slow_credential_probe,0.0,0.0,0.0,0.0,5.0,0.3083508140906823,0.0,48,12
hardened_v3_event,1000,46,normal_nat_burst,session_replay_chain,0.0,0.0,0.0,0.0,5.0,0.3316466723637405,0.0,48,12
hardened_v3_event,1000,46,normal_nat_burst,gradual_exfiltration,0.0,0.0,0.0,0.0,5.0,0.27734698521390827,0.0,48,12
hardened_v3_event,1000,46,normal_nat_burst,distributed_lateral_drift,0.0,0.0,0.0,0.0,5.0,0.2652216902989557,0.0,32,8
hardened_v3_event,1000,46,normal_nat_burst,profile_poisoning_chain,0.0,0.0,0.0,0.0,5.0,0.32780855154575333,1.0,48,12
sequence_v4,1000,46,normal_nat_burst,stealth_mimicry_ato,0.0,0.0,0.0,0.0,5.0,0.28563900274300585,0.0,48,12
sequence_v4,1000,46,normal_nat_burst,slow_credential_probe,0.0,0.0,0.0,0.0,5.0,0.3083508140906823,0.0,48,12
sequence_v4,1000,46,normal_nat_burst,session_replay_chain,0.3958333333333333,1.0,0.5833333333333334,1.0,3.0,0.3316466723637405,0.0,48,12
sequence_v4,1000,46,normal_nat_burst,gradual_exfiltration,0.0,0.0,0.0,0.0,5.0,0.27734698521390827,0.0,48,12
sequence_v4,1000,46,normal_nat_burst,distributed_lateral_drift,0.0,0.0,0.0,0.0,5.0,0.2652216902989557,0.0,32,8
sequence_v4,1000,46,normal_nat_burst,profile_poisoning_chain,0.125,0.5,0.0,0.5,4.5,0.32780855154575333,1.0,48,12
hardened_v3_event,5000,42,normal_staggered,stealth_mimicry_ato,0.0,0.0,0.0,0.0,5.0,0.28787014857756543,0.0,48,12
hardened_v3_event,5000,42,normal_staggered,slow_credential_probe,0.0,0.0,0.0,0.0,5.0,0.3108307446096678,0.0,48,12
hardened_v3_event,5000,42,normal_staggered,session_replay_chain,0.0,0.0,0.0,0.0,5.0,0.3175706249945824,0.0,48,12
hardened_v3_event,5000,42,normal_staggered,gradual_exfiltration,0.0,0.0,0.0,0.0,5.0,0.279989551788404,0.0,48,12
hardened_v3_event,5000,42,normal_staggered,distributed_lateral_drift,0.0,0.0,0.0,0.0,5.0,0.2642642314682878,0.0,32,8
hardened_v3_event,5000,42,normal_staggered,profile_poisoning_chain,0.0,0.0,0.0,0.0,5.0,0.32121732464391656,1.0,48,12
sequence_v4,5000,42,normal_staggered,stealth_mimicry_ato,0.0,0.0,0.0,0.0,5.0,0.28787014857756543,0.0,48,12
sequence_v4,5000,42,normal_staggered,slow_credential_probe,0.0,0.0,0.0,0.0,5.0,0.3108307446096678,0.0,48,12
sequence_v4,5000,42,normal_staggered,session_replay_chain,0.1875,0.5,0.25,0.5,4.5,0.3175706249945824,0.0,48,12
sequence_v4,5000,42,normal_staggered,gradual_exfiltration,0.0,0.0,0.0,0.0,5.0,0.279989551788404,0.0,48,12
sequence_v4,5000,42,normal_staggered,distributed_lateral_drift,0.0,0.0,0.0,0.0,5.0,0.2642642314682878,0.0,32,8
sequence_v4,5000,42,normal_staggered,profile_poisoning_chain,0.0625,0.16666666666666666,0.08333333333333333,0.16666666666666666,5.0,0.32121732464391656,1.0,48,12
hardened_v3_event,5000,42,normal_nat_burst,stealth_mimicry_ato,0.0,0.0,0.0,0.0,5.0,0.29478139027246675,0.0,48,12
hardened_v3_event,5000,42,normal_nat_burst,slow_credential_probe,0.0,0.0,0.0,0.0,5.0,0.31762232376407995,0.0,48,12
hardened_v3_event,5000,42,normal_nat_burst,session_replay_chain,0.0,0.0,0.0,0.0,5.0,0.3388811804224261,0.0,48,12
hardened_v3_event,5000,42,normal_nat_burst,gradual_exfiltration,0.0,0.0,0.0,0.0,5.0,0.2866790734703838,0.0,48,12
hardened_v3_event,5000,42,normal_nat_burst,distributed_lateral_drift,0.0,0.0,0.0,0.0,5.0,0.2720614126958652,0.0,32,8
hardened_v3_event,5000,42,normal_nat_burst,profile_poisoning_chain,0.0,0.0,0.0,0.0,5.0,0.33519945629008707,1.0,48,12
sequence_v4,5000,42,normal_nat_burst,stealth_mimicry_ato,0.0,0.0,0.0,0.0,5.0,0.29478139027246675,0.0,48,12
sequence_v4,5000,42,normal_nat_burst,slow_credential_probe,0.020833333333333332,0.08333333333333333,0.0,0.08333333333333333,5.0,0.31762232376407995,0.0,48,12
sequence_v4,5000,42,normal_nat_burst,session_replay_chain,0.3541666666666667,0.8333333333333334,0.5833333333333334,0.8333333333333334,3.0,0.3388811804224261,0.0,48,12
sequence_v4,5000,42,normal_nat_burst,gradual_exfiltration,0.0,0.0,0.0,0.0,5.0,0.2866790734703838,0.0,48,12
sequence_v4,5000,42,normal_nat_burst,distributed_lateral_drift,0.0,0.0,0.0,0.0,5.0,0.2720614126958652,0.0,32,8
sequence_v4,5000,42,normal_nat_burst,profile_poisoning_chain,0.25,0.5833333333333334,0.4166666666666667,0.4166666666666667,4.0,0.33519945629008707,1.0,48,12
hardened_v3_event,5000,43,normal_staggered,stealth_mimicry_ato,0.0,0.0,0.0,0.0,5.0,0.30156468892514554,0.0,48,12
hardened_v3_event,5000,43,normal_staggered,slow_credential_probe,0.0,0.0,0.0,0.0,5.0,0.324890466857972,0.0,48,12
hardened_v3_event,5000,43,normal_staggered,session_replay_chain,0.0,0.0,0.0,0.0,5.0,0.3308921177985564,0.0,48,12
hardened_v3_event,5000,43,normal_staggered,gradual_exfiltration,0.0,0.0,0.0,0.0,5.0,0.29303215521521914,0.0,48,12
hardened_v3_event,5000,43,normal_staggered,distributed_lateral_drift,0.0,0.0,0.0,0.0,5.0,0.27421762141223605,0.0,32,8
hardened_v3_event,5000,43,normal_staggered,profile_poisoning_chain,0.0,0.0,0.0,0.0,5.0,0.3343843803627054,1.0,48,12
sequence_v4,5000,43,normal_staggered,stealth_mimicry_ato,0.0,0.0,0.0,0.0,5.0,0.30156468892514554,0.0,48,12
sequence_v4,5000,43,normal_staggered,slow_credential_probe,0.0,0.0,0.0,0.0,5.0,0.324890466857972,0.0,48,12
sequence_v4,5000,43,normal_staggered,session_replay_chain,0.2916666666666667,0.8333333333333334,0.3333333333333333,0.8333333333333334,4.0,0.3308921177985564,0.0,48,12
sequence_v4,5000,43,normal_staggered,gradual_exfiltration,0.020833333333333332,0.08333333333333333,0.0,0.08333333333333333,5.0,0.29303215521521914,0.0,48,12
sequence_v4,5000,43,normal_staggered,distributed_lateral_drift,0.0,0.0,0.0,0.0,5.0,0.27421762141223605,0.0,32,8
sequence_v4,5000,43,normal_staggered,profile_poisoning_chain,0.125,0.3333333333333333,0.16666666666666666,0.3333333333333333,5.0,0.3343843803627054,1.0,48,12
hardened_v3_event,5000,43,normal_nat_burst,stealth_mimicry_ato,0.0,0.0,0.0,0.0,5.0,0.29082050836696544,0.0,48,12
hardened_v3_event,5000,43,normal_nat_burst,slow_credential_probe,0.0,0.0,0.0,0.0,5.0,0.3140995168158482,0.0,48,12
hardened_v3_event,5000,43,normal_nat_burst,session_replay_chain,0.0,0.0,0.0,0.0,5.0,0.33617983698472237,0.0,48,12
hardened_v3_event,5000,43,normal_nat_burst,gradual_exfiltration,0.0,0.0,0.0,0.0,5.0,0.2822350829321471,0.0,48,12
hardened_v3_event,5000,43,normal_nat_burst,distributed_lateral_drift,0.0,0.0,0.0,0.0,5.0,0.2665285933774147,0.0,32,8
hardened_v3_event,5000,43,normal_nat_burst,profile_poisoning_chain,0.0,0.0,0.0,0.0,5.0,0.3329064367690378,1.0,48,12
sequence_v4,5000,43,normal_nat_burst,stealth_mimicry_ato,0.0,0.0,0.0,0.0,5.0,0.29082050836696544,0.0,48,12
sequence_v4,5000,43,normal_nat_burst,slow_credential_probe,0.041666666666666664,0.16666666666666666,0.0,0.16666666666666666,5.0,0.3140995168158482,0.0,48,12
sequence_v4,5000,43,normal_nat_burst,session_replay_chain,0.3333333333333333,0.8333333333333334,0.5,0.8333333333333334,3.5,0.33617983698472237,0.0,48,12
sequence_v4,5000,43,normal_nat_burst,gradual_exfiltration,0.0,0.0,0.0,0.0,5.0,0.2822350829321471,0.0,48,12
sequence_v4,5000,43,normal_nat_burst,distributed_lateral_drift,0.0,0.0,0.0,0.0,5.0,0.2665285933774147,0.0,32,8
sequence_v4,5000,43,normal_nat_burst,profile_poisoning_chain,0.25,0.5833333333333334,0.3333333333333333,0.5,4.0,0.3329064367690378,1.0,48,12
hardened_v3_event,5000,44,normal_staggered,stealth_mimicry_ato,0.0,0.0,0.0,0.0,5.0,0.30004488772321497,0.0,48,12
hardened_v3_event,5000,44,normal_staggered,slow_credential_probe,0.020833333333333332,0.08333333333333333,0.08333333333333333,0.0,5.0,0.32325605365695065,0.0,48,12
hardened_v3_event,5000,44,normal_staggered,session_replay_chain,0.020833333333333332,0.08333333333333333,0.0,0.08333333333333333,5.0,0.33148312591862283,0.0,48,12
hardened_v3_event,5000,44,normal_staggered,gradual_exfiltration,0.0,0.0,0.0,0.0,5.0,0.2917911603756169,0.0,48,12
hardened_v3_event,5000,44,normal_staggered,distributed_lateral_drift,0.0,0.0,0.0,0.0,5.0,0.2743999020987956,0.0,32,8
hardened_v3_event,5000,44,normal_staggered,profile_poisoning_chain,0.0,0.0,0.0,0.0,5.0,0.3342296798155185,1.0,48,12
sequence_v4,5000,44,normal_staggered,stealth_mimicry_ato,0.0,0.0,0.0,0.0,5.0,0.30004488772321497,0.0,48,12
sequence_v4,5000,44,normal_staggered,slow_credential_probe,0.020833333333333332,0.08333333333333333,0.08333333333333333,0.0,5.0,0.32325605365695065,0.0,48,12
sequence_v4,5000,44,normal_staggered,session_replay_chain,0.3541666666666667,0.8333333333333334,0.5833333333333334,0.8333333333333334,3.0,0.33148312591862283,0.0,48,12
sequence_v4,5000,44,normal_staggered,gradual_exfiltration,0.020833333333333332,0.08333333333333333,0.0,0.08333333333333333,5.0,0.2917911603756169,0.0,48,12
sequence_v4,5000,44,normal_staggered,distributed_lateral_drift,0.0,0.0,0.0,0.0,5.0,0.2743999020987956,0.0,32,8
sequence_v4,5000,44,normal_staggered,profile_poisoning_chain,0.14583333333333334,0.5,0.16666666666666666,0.4166666666666667,4.5,0.3342296798155185,1.0,48,12
hardened_v3_event,5000,44,normal_nat_burst,stealth_mimicry_ato,0.0,0.0,0.0,0.0,5.0,0.28791171723268505,0.0,48,12
hardened_v3_event,5000,44,normal_nat_burst,slow_credential_probe,0.0,0.0,0.0,0.0,5.0,0.3111238478569059,0.0,48,12
hardened_v3_event,5000,44,normal_nat_burst,session_replay_chain,0.0,0.0,0.0,0.0,5.0,0.3344829790041069,0.0,48,12
hardened_v3_event,5000,44,normal_nat_burst,gradual_exfiltration,0.0,0.0,0.0,0.0,5.0,0.28004189985587313,0.0,48,12
hardened_v3_event,5000,44,normal_nat_burst,distributed_lateral_drift,0.0,0.0,0.0,0.0,5.0,0.26435203821144504,0.0,32,8
hardened_v3_event,5000,44,normal_nat_burst,profile_poisoning_chain,0.0,0.0,0.0,0.0,5.0,0.33056334724002906,1.0,48,12
sequence_v4,5000,44,normal_nat_burst,stealth_mimicry_ato,0.0,0.0,0.0,0.0,5.0,0.28791171723268505,0.0,48,12
sequence_v4,5000,44,normal_nat_burst,slow_credential_probe,0.0,0.0,0.0,0.0,5.0,0.3111238478569059,0.0,48,12
sequence_v4,5000,44,normal_nat_burst,session_replay_chain,0.3541666666666667,0.9166666666666666,0.5,0.9166666666666666,3.5,0.3344829790041069,0.0,48,12
sequence_v4,5000,44,normal_nat_burst,gradual_exfiltration,0.020833333333333332,0.08333333333333333,0.0,0.08333333333333333,5.0,0.28004189985587313,0.0,48,12
sequence_v4,5000,44,normal_nat_burst,distributed_lateral_drift,0.0,0.0,0.0,0.0,5.0,0.26435203821144504,0.0,32,8
sequence_v4,5000,44,normal_nat_burst,profile_poisoning_chain,0.20833333333333334,0.6666666666666666,0.25,0.5833333333333334,4.0,0.33056334724002906,1.0,48,12
hardened_v3_event,5000,45,normal_staggered,stealth_mimicry_ato,0.0,0.0,0.0,0.0,5.0,0.2936487324428923,0.0,48,12
hardened_v3_event,5000,45,normal_staggered,slow_credential_probe,0.0,0.0,0.0,0.0,5.0,0.31689610586764866,0.0,48,12
hardened_v3_event,5000,45,normal_staggered,session_replay_chain,0.0,0.0,0.0,0.0,5.0,0.3231699142342877,0.0,48,12
hardened_v3_event,5000,45,normal_staggered,gradual_exfiltration,0.0,0.0,0.0,0.0,5.0,0.2848879716917015,0.0,48,12
hardened_v3_event,5000,45,normal_staggered,distributed_lateral_drift,0.0,0.0,0.0,0.0,5.0,0.26791736327099025,0.0,32,8
hardened_v3_event,5000,45,normal_staggered,profile_poisoning_chain,0.0,0.0,0.0,0.0,5.0,0.32675514165036096,1.0,48,12
sequence_v4,5000,45,normal_staggered,stealth_mimicry_ato,0.0,0.0,0.0,0.0,5.0,0.2936487324428923,0.0,48,12
sequence_v4,5000,45,normal_staggered,slow_credential_probe,0.0,0.0,0.0,0.0,5.0,0.31689610586764866,0.0,48,12
sequence_v4,5000,45,normal_staggered,session_replay_chain,0.3333333333333333,0.8333333333333334,0.5,0.8333333333333334,3.5,0.3231699142342877,0.0,48,12
sequence_v4,5000,45,normal_staggered,gradual_exfiltration,0.020833333333333332,0.08333333333333333,0.0,0.08333333333333333,5.0,0.2848879716917015,0.0,48,12
sequence_v4,5000,45,normal_staggered,distributed_lateral_drift,0.0,0.0,0.0,0.0,5.0,0.26791736327099025,0.0,32,8
sequence_v4,5000,45,normal_staggered,profile_poisoning_chain,0.041666666666666664,0.08333333333333333,0.08333333333333333,0.08333333333333333,5.0,0.32675514165036096,1.0,48,12
hardened_v3_event,5000,45,normal_nat_burst,stealth_mimicry_ato,0.0,0.0,0.0,0.0,5.0,0.29121283270962756,0.0,48,12
hardened_v3_event,5000,45,normal_nat_burst,slow_credential_probe,0.0,0.0,0.0,0.0,5.0,0.31457762722048005,0.0,48,12
hardened_v3_event,5000,45,normal_nat_burst,session_replay_chain,0.0,0.0,0.0,0.0,5.0,0.33336620483987955,0.0,48,12
hardened_v3_event,5000,45,normal_nat_burst,gradual_exfiltration,0.0,0.0,0.0,0.0,5.0,0.2823778384303605,0.0,48,12
hardened_v3_event,5000,45,normal_nat_burst,distributed_lateral_drift,0.0,0.0,0.0,0.0,5.0,0.2680060086749228,0.0,32,8
hardened_v3_event,5000,45,normal_nat_burst,profile_poisoning_chain,0.0,0.0,0.0,0.0,5.0,0.33027638102705287,1.0,48,12
sequence_v4,5000,45,normal_nat_burst,stealth_mimicry_ato,0.0,0.0,0.0,0.0,5.0,0.29121283270962756,0.0,48,12
sequence_v4,5000,45,normal_nat_burst,slow_credential_probe,0.020833333333333332,0.08333333333333333,0.0,0.08333333333333333,5.0,0.31457762722048005,0.0,48,12
sequence_v4,5000,45,normal_nat_burst,session_replay_chain,0.375,0.8333333333333334,0.5833333333333334,0.8333333333333334,3.0,0.33336620483987955,0.0,48,12
sequence_v4,5000,45,normal_nat_burst,gradual_exfiltration,0.020833333333333332,0.08333333333333333,0.0,0.08333333333333333,5.0,0.2823778384303605,0.0,48,12
sequence_v4,5000,45,normal_nat_burst,distributed_lateral_drift,0.0,0.0,0.0,0.0,5.0,0.2680060086749228,0.0,32,8
sequence_v4,5000,45,normal_nat_burst,profile_poisoning_chain,0.25,0.6666666666666666,0.3333333333333333,0.5833333333333334,4.0,0.33027638102705287,1.0,48,12
hardened_v3_event,5000,46,normal_staggered,stealth_mimicry_ato,0.0,0.0,0.0,0.0,5.0,0.3027403596983756,0.0,48,12
hardened_v3_event,5000,46,normal_staggered,slow_credential_probe,0.0,0.0,0.0,0.0,5.0,0.3256128189135943,0.0,48,12
hardened_v3_event,5000,46,normal_staggered,session_replay_chain,0.0,0.0,0.0,0.0,5.0,0.3318670355184578,0.0,48,12
hardened_v3_event,5000,46,normal_staggered,gradual_exfiltration,0.0,0.0,0.0,0.0,5.0,0.2936100698971797,0.0,48,12
hardened_v3_event,5000,46,normal_staggered,distributed_lateral_drift,0.0,0.0,0.0,0.0,5.0,0.27595713947592293,0.0,32,8
hardened_v3_event,5000,46,normal_staggered,profile_poisoning_chain,0.0,0.0,0.0,0.0,5.0,0.3343846500427683,1.0,48,12
sequence_v4,5000,46,normal_staggered,stealth_mimicry_ato,0.0,0.0,0.0,0.0,5.0,0.3027403596983756,0.0,48,12
sequence_v4,5000,46,normal_staggered,slow_credential_probe,0.020833333333333332,0.08333333333333333,0.0,0.08333333333333333,5.0,0.3256128189135943,0.0,48,12
sequence_v4,5000,46,normal_staggered,session_replay_chain,0.3125,0.75,0.5,0.75,3.5,0.3318670355184578,0.0,48,12
sequence_v4,5000,46,normal_staggered,gradual_exfiltration,0.0,0.0,0.0,0.0,5.0,0.2936100698971797,0.0,48,12
sequence_v4,5000,46,normal_staggered,distributed_lateral_drift,0.0,0.0,0.0,0.0,5.0,0.27595713947592293,0.0,32,8
sequence_v4,5000,46,normal_staggered,profile_poisoning_chain,0.1875,0.5,0.25,0.5,4.5,0.3343846500427683,1.0,48,12
hardened_v3_event,5000,46,normal_nat_burst,stealth_mimicry_ato,0.0,0.0,0.0,0.0,5.0,0.2898026833067892,0.0,48,12
hardened_v3_event,5000,46,normal_nat_burst,slow_credential_probe,0.0,0.0,0.0,0.0,5.0,0.31259342973853277,0.0,48,12
hardened_v3_event,5000,46,normal_nat_burst,session_replay_chain,0.0,0.0,0.0,0.0,5.0,0.33426252174729765,0.0,48,12
hardened_v3_event,5000,46,normal_nat_burst,gradual_exfiltration,0.0,0.0,0.0,0.0,5.0,0.28100407925856324,0.0,48,12
hardened_v3_event,5000,46,normal_nat_burst,distributed_lateral_drift,0.0,0.0,0.0,0.0,5.0,0.26377894093258325,0.0,32,8
hardened_v3_event,5000,46,normal_nat_burst,profile_poisoning_chain,0.0,0.0,0.0,0.0,5.0,0.3298993829321771,1.0,48,12
sequence_v4,5000,46,normal_nat_burst,stealth_mimicry_ato,0.0,0.0,0.0,0.0,5.0,0.2898026833067892,0.0,48,12
sequence_v4,5000,46,normal_nat_burst,slow_credential_probe,0.0,0.0,0.0,0.0,5.0,0.31259342973853277,0.0,48,12
sequence_v4,5000,46,normal_nat_burst,session_replay_chain,0.3125,0.75,0.5,0.75,3.5,0.33426252174729765,0.0,48,12
sequence_v4,5000,46,normal_nat_burst,gradual_exfiltration,0.0,0.0,0.0,0.0,5.0,0.28100407925856324,0.0,48,12
sequence_v4,5000,46,normal_nat_burst,distributed_lateral_drift,0.0,0.0,0.0,0.0,5.0,0.26377894093258325,0.0,32,8
sequence_v4,5000,46,normal_nat_burst,profile_poisoning_chain,0.16666666666666666,0.5,0.25,0.4166666666666667,4.5,0.3298993829321771,1.0,48,12
