stage,normal_scenario,attack_type,phase_index,dataset_size,seed,challenge_recall,mean_score,mean_mimicry_distance
hardened_v3_event,normal_nat_burst,distributed_lateral_drift,1,1110.0,44.0,0.0,0.23016666666666669,0.25867317764096887
hardened_v3_event,normal_nat_burst,distributed_lateral_drift,2,1110.0,44.0,0.0,0.3229166666666667,0.2668554866957514
hardened_v3_event,normal_nat_burst,distributed_lateral_drift,3,1110.0,44.0,0.0,0.326875,0.27451789577164576
hardened_v3_event,normal_nat_burst,distributed_lateral_drift,4,1110.0,44.0,0.0,0.32075000000000004,0.2695761460081635
hardened_v3_event,normal_nat_burst,gradual_exfiltration,1,1110.0,44.0,0.0,0.2450277777777778,0.26711811743871106
hardened_v3_event,normal_nat_burst,gradual_exfiltration,2,1110.0,44.0,0.0,0.15511111111111112,0.26113208710810365
hardened_v3_event,normal_nat_burst,gradual_exfiltration,3,1110.0,44.0,0.0,0.3038055555555556,0.30540598481911624
hardened_v3_event,normal_nat_burst,gradual_exfiltration,4,1110.0,44.0,0.0027777777777777775,0.24616666666666667,0.30377581180145174
hardened_v3_event,normal_nat_burst,profile_poisoning_chain,1,1110.0,44.0,0.0,0.25322222222222224,0.2830669171332207
hardened_v3_event,normal_nat_burst,profile_poisoning_chain,2,1110.0,44.0,0.0,0.34358333333333335,0.31119050678532767
hardened_v3_event,normal_nat_burst,profile_poisoning_chain,3,1110.0,44.0,0.0027777777777777775,0.39227777777777784,0.3496321632243419
hardened_v3_event,normal_nat_burst,profile_poisoning_chain,4,1110.0,44.0,0.0,0.3787222222222223,0.3928572835646415
hardened_v3_event,normal_nat_burst,session_replay_chain,1,1110.0,44.0,0.0,0.2535,0.2780541596991319
hardened_v3_event,normal_nat_burst,session_replay_chain,2,1110.0,44.0,0.0,0.2521388888888889,0.3149495669244063
hardened_v3_event,normal_nat_burst,session_replay_chain,3,1110.0,44.0,0.0,0.29336111111111113,0.35679584136149795
hardened_v3_event,normal_nat_burst,session_replay_chain,4,1110.0,44.0,0.03611111111111111,0.40166666666666667,0.40417332897112884
hardened_v3_event,normal_nat_burst,slow_credential_probe,1,1110.0,44.0,0.0,0.3218611111111111,0.2823693154749482
hardened_v3_event,normal_nat_burst,slow_credential_probe,2,1110.0,44.0,0.0,0.22383333333333333,0.26155767883789954
hardened_v3_event,normal_nat_burst,slow_credential_probe,3,1110.0,44.0,0.0,0.43494444444444447,0.32171981552321244
hardened_v3_event,normal_nat_burst,slow_credential_probe,4,1110.0,44.0,0.005555555555555555,0.3298333333333333,0.39140843530083974
hardened_v3_event,normal_nat_burst,stealth_mimicry_ato,1,1110.0,44.0,0.0,0.24580555555555558,0.2620948587591888
hardened_v3_event,normal_nat_burst,stealth_mimicry_ato,2,1110.0,44.0,0.0,0.15452777777777776,0.2580380173987871
hardened_v3_event,normal_nat_burst,stealth_mimicry_ato,3,1110.0,44.0,0.0,0.27222222222222225,0.313709410420849
hardened_v3_event,normal_nat_burst,stealth_mimicry_ato,4,1110.0,44.0,0.0,0.18294444444444444,0.32919633204729154
hardened_v3_event,normal_staggered,distributed_lateral_drift,1,1110.0,44.0,0.0,0.24108333333333334,0.269623268875553
hardened_v3_event,normal_staggered,distributed_lateral_drift,2,1110.0,44.0,0.0,0.31054166666666666,0.2746197255913173
hardened_v3_event,normal_staggered,distributed_lateral_drift,3,1110.0,44.0,0.0,0.28758333333333336,0.2724549909687689
hardened_v3_event,normal_staggered,distributed_lateral_drift,4,1110.0,44.0,0.0,0.28475,0.27255422845248867
hardened_v3_event,normal_staggered,gradual_exfiltration,1,1110.0,44.0,0.0,0.2186388888888889,0.2664333434136861
hardened_v3_event,normal_staggered,gradual_exfiltration,2,1110.0,44.0,0.0,0.17105555555555557,0.2799770424666139
hardened_v3_event,normal_staggered,gradual_exfiltration,3,1110.0,44.0,0.0,0.27494444444444444,0.30478106139162525
hardened_v3_event,normal_staggered,gradual_exfiltration,4,1110.0,44.0,0.0027777777777777775,0.28605555555555556,0.3225934830040737
hardened_v3_event,normal_staggered,profile_poisoning_chain,1,1110.0,44.0,0.0,0.12172222222222223,0.2772907359648116
hardened_v3_event,normal_staggered,profile_poisoning_chain,2,1110.0,44.0,0.0,0.2678055555555556,0.31143615582073075
hardened_v3_event,normal_staggered,profile_poisoning_chain,3,1110.0,44.0,0.01111111111111111,0.34244444444444444,0.3510616172839845
hardened_v3_event,normal_staggered,profile_poisoning_chain,4,1110.0,44.0,0.0027777777777777775,0.38100000000000006,0.39711438759764184
hardened_v3_event,normal_staggered,session_replay_chain,1,1110.0,44.0,0.0,0.12172222222222223,0.27256164050717613
hardened_v3_event,normal_staggered,session_replay_chain,2,1110.0,44.0,0.0,0.12016666666666667,0.30905368811262945
hardened_v3_event,normal_staggered,session_replay_chain,3,1110.0,44.0,0.0,0.15988888888888889,0.35084631707201447
hardened_v3_event,normal_staggered,session_replay_chain,4,1110.0,44.0,0.030555555555555555,0.2711111111111111,0.39825840735591217
hardened_v3_event,normal_staggered,slow_credential_probe,1,1110.0,44.0,0.0,0.3019166666666667,0.281852251356301
hardened_v3_event,normal_staggered,slow_credential_probe,2,1110.0,44.0,0.0,0.2540277777777778,0.2805067232572354
hardened_v3_event,normal_staggered,slow_credential_probe,3,1110.0,44.0,0.01111111111111111,0.4048333333333333,0.3208916279848926
hardened_v3_event,normal_staggered,slow_credential_probe,4,1110.0,44.0,0.005555555555555555,0.35883333333333334,0.40989968888182937
hardened_v3_event,normal_staggered,stealth_mimicry_ato,1,1110.0,44.0,0.0,0.21922222222222223,0.2615176373965112
hardened_v3_event,normal_staggered,stealth_mimicry_ato,2,1110.0,44.0,0.0,0.17105555555555557,0.27715812639113896
hardened_v3_event,normal_staggered,stealth_mimicry_ato,3,1110.0,44.0,0.0,0.24833333333333335,0.3131102735247196
hardened_v3_event,normal_staggered,stealth_mimicry_ato,4,1110.0,44.0,0.0,0.211,0.3478023964668671
sequence_v4,normal_nat_burst,distributed_lateral_drift,1,1110.0,44.0,0.0,0.28439333333333333,0.25867317764096887
sequence_v4,normal_nat_burst,distributed_lateral_drift,2,1110.0,44.0,0.0,0.3527031686595984,0.2668554866957514
sequence_v4,normal_nat_burst,distributed_lateral_drift,3,1110.0,44.0,0.0,0.3910349807492437,0.27451789577164576
sequence_v4,normal_nat_burst,distributed_lateral_drift,4,1110.0,44.0,0.0,0.43180745251772457,0.2695761460081635
sequence_v4,normal_nat_burst,gradual_exfiltration,1,1110.0,44.0,0.0,0.2596255555555556,0.26711811743871106
sequence_v4,normal_nat_burst,gradual_exfiltration,2,1110.0,44.0,0.0,0.2630257618170529,0.26113208710810365
sequence_v4,normal_nat_burst,gradual_exfiltration,3,1110.0,44.0,0.0,0.3486934094303927,0.30540598481911624
sequence_v4,normal_nat_burst,gradual_exfiltration,4,1110.0,44.0,0.02222222222222222,0.48290434778670016,0.30377581180145174
sequence_v4,normal_nat_burst,profile_poisoning_chain,1,1110.0,44.0,0.0,0.3128900555555555,0.2830669171332207
sequence_v4,normal_nat_burst,profile_poisoning_chain,2,1110.0,44.0,0.027777777777777776,0.49377834073129695,0.31119050678532767
sequence_v4,normal_nat_burst,profile_poisoning_chain,3,1110.0,44.0,0.14444444444444443,0.5899941148099226,0.3496321632243419
sequence_v4,normal_nat_burst,profile_poisoning_chain,4,1110.0,44.0,0.36944444444444446,0.7408636574248462,0.3928572835646415
sequence_v4,normal_nat_burst,session_replay_chain,1,1110.0,44.0,0.0,0.2781369097222222,0.2780541596991319
sequence_v4,normal_nat_burst,session_replay_chain,2,1110.0,44.0,0.008333333333333333,0.47260536937803804,0.3149495669244063
sequence_v4,normal_nat_burst,session_replay_chain,3,1110.0,44.0,0.3861111111111111,0.7281527691023214,0.35679584136149795
sequence_v4,normal_nat_burst,session_replay_chain,4,1110.0,44.0,0.8666666666666667,0.9354357274124213,0.40417332897112884
sequence_v4,normal_nat_burst,slow_credential_probe,1,1110.0,44.0,0.0,0.38575420138888894,0.2823693154749482
sequence_v4,normal_nat_burst,slow_credential_probe,2,1110.0,44.0,0.0,0.4387279247664384,0.26155767883789954
sequence_v4,normal_nat_burst,slow_credential_probe,3,1110.0,44.0,0.0,0.5255782947872822,0.32171981552321244
sequence_v4,normal_nat_burst,slow_credential_probe,4,1110.0,44.0,0.016666666666666666,0.5317098209786758,0.39140843530083974
sequence_v4,normal_nat_burst,stealth_mimicry_ato,1,1110.0,44.0,0.0,0.2603988888888889,0.2620948587591888
sequence_v4,normal_nat_burst,stealth_mimicry_ato,2,1110.0,44.0,0.0,0.26147770677467125,0.2580380173987871
sequence_v4,normal_nat_burst,stealth_mimicry_ato,3,1110.0,44.0,0.0,0.36228398539553125,0.313709410420849
sequence_v4,normal_nat_burst,stealth_mimicry_ato,4,1110.0,44.0,0.0,0.44440178052268337,0.32919633204729154
sequence_v4,normal_staggered,distributed_lateral_drift,1,1110.0,44.0,0.0,0.2881066666666667,0.269623268875553
sequence_v4,normal_staggered,distributed_lateral_drift,2,1110.0,44.0,0.0,0.35086958535328294,0.2746197255913173
sequence_v4,normal_staggered,distributed_lateral_drift,3,1110.0,44.0,0.0,0.38452302146301937,0.2724549909687689
sequence_v4,normal_staggered,distributed_lateral_drift,4,1110.0,44.0,0.0,0.42607910759599404,0.27255422845248867
sequence_v4,normal_staggered,gradual_exfiltration,1,1110.0,44.0,0.0,0.25436111111111115,0.2664333434136861
sequence_v4,normal_staggered,gradual_exfiltration,2,1110.0,44.0,0.0,0.2606068721118073,0.2799770424666139
sequence_v4,normal_staggered,gradual_exfiltration,3,1110.0,44.0,0.0,0.33957687901854866,0.30478106139162525
sequence_v4,normal_staggered,gradual_exfiltration,4,1110.0,44.0,0.03333333333333333,0.4918652056697754,0.3225934830040737
sequence_v4,normal_staggered,profile_poisoning_chain,1,1110.0,44.0,0.0,0.2911727847222222,0.2772907359648116
sequence_v4,normal_staggered,profile_poisoning_chain,2,1110.0,44.0,0.0,0.45997234905786333,0.31143615582073075
sequence_v4,normal_staggered,profile_poisoning_chain,3,1110.0,44.0,0.09722222222222222,0.5714936832265862,0.3510616172839845
sequence_v4,normal_staggered,profile_poisoning_chain,4,1110.0,44.0,0.26666666666666666,0.7182148901499358,0.39711438759764184
sequence_v4,normal_staggered,session_replay_chain,1,1110.0,44.0,0.0,0.24281851388888892,0.27256164050717613
sequence_v4,normal_staggered,session_replay_chain,2,1110.0,44.0,0.0,0.4409479461178246,0.30905368811262945
sequence_v4,normal_staggered,session_replay_chain,3,1110.0,44.0,0.26666666666666666,0.6832901021593777,0.35084631707201447
sequence_v4,normal_staggered,session_replay_chain,4,1110.0,44.0,0.7722222222222223,0.9008965106499506,0.39825840735591217
sequence_v4,normal_staggered,slow_credential_probe,1,1110.0,44.0,0.0,0.3844616736111111,0.281852251356301
sequence_v4,normal_staggered,slow_credential_probe,2,1110.0,44.0,0.0,0.44321343543170016,0.2805067232572354
sequence_v4,normal_staggered,slow_credential_probe,3,1110.0,44.0,0.01111111111111111,0.5159480630216284,0.3208916279848926
sequence_v4,normal_staggered,slow_credential_probe,4,1110.0,44.0,0.01111111111111111,0.5375202172862252,0.40989968888182937
sequence_v4,normal_staggered,stealth_mimicry_ato,1,1110.0,44.0,0.0,0.25494000000000006,0.2615176373965112
sequence_v4,normal_staggered,stealth_mimicry_ato,2,1110.0,44.0,0.0,0.2603564923406439,0.27715812639113896
sequence_v4,normal_staggered,stealth_mimicry_ato,3,1110.0,44.0,0.0,0.3595687594602717,0.3131102735247196
sequence_v4,normal_staggered,stealth_mimicry_ato,4,1110.0,44.0,0.005555555555555555,0.44485505788349616,0.3478023964668671
