stage,dataset_size,seed,normal_scenario,challenge_threshold,warn_threshold,epochs_trained,validation_loss,tp,fp,total_policy_and_security_challenges,tn,fn,precision,event_challenge_recall,f1,roc_auc,pr_auc,challenge_fpr_total,unexpected_challenge_fpr,warn_or_higher_rate_total,sequence_detection_rate,preobjective_detection_rate,objective_detection_rate,median_time_to_detect_phase,normal_count,attack_phase_count,attack_sequence_count
temporal_mlp_only_v8,10,42,normal_staggered,0.9969483199282521,0.9802046179334618,96,0.06611085693113056,236,0,0,24,224,1.0,0.5130434782608696,0.6781609195402298,0.9588768115942029,0.9975796076574538,0.0,0.0,0.125,0.9891304347826086,0.7717391304347826,0.9456521739130435,2.0,24,460,92
disjoint_hybrid_v8,10,42,normal_staggered,0.9969483199282521,0.9802046179334618,96,0.06611085693113056,266,0,4,20,194,1.0,0.5782608695652174,0.7327823691460055,0.9588768115942029,0.9975796076574538,0.16666666666666666,0.0,0.2916666666666667,0.9891304347826086,0.7934782608695652,0.9456521739130435,2.0,24,460,92
temporal_mlp_only_v8,10,42,normal_nat_burst,0.9969483199282521,0.9802046179334618,96,0.06611085693113056,266,0,0,24,194,1.0,0.5782608695652174,0.7327823691460055,0.9895833333333334,0.9994355834671524,0.0,0.0,0.0,1.0,0.8152173913043478,0.9782608695652174,3.0,24,460,92
disjoint_hybrid_v8,10,42,normal_nat_burst,0.9969483199282521,0.9802046179334618,96,0.06611085693113056,295,0,4,20,165,1.0,0.6413043478260869,0.7814569536423841,0.9895833333333334,0.9994355834671524,0.16666666666666666,0.0,0.16666666666666666,1.0,0.8260869565217391,0.9782608695652174,2.0,24,460,92
temporal_mlp_only_v8,10,43,normal_staggered,0.9975812163850974,0.9238722364398964,81,0.049162825193738866,245,0,0,24,215,1.0,0.532608695652174,0.6950354609929079,0.9777173913043479,0.9985165234598816,0.0,0.0,0.08333333333333333,0.9130434782608695,0.8260869565217391,0.8478260869565217,3.0,24,460,92
disjoint_hybrid_v8,10,43,normal_staggered,0.9975812163850974,0.9238722364398964,81,0.049162825193738866,284,0,4,20,176,1.0,0.6173913043478261,0.7634408602150538,0.9777173913043479,0.9985165234598816,0.16666666666666666,0.0,0.20833333333333334,0.9130434782608695,0.8369565217391305,0.8913043478260869,2.0,24,460,92
temporal_mlp_only_v8,10,43,normal_nat_burst,0.9975812163850974,0.9238722364398964,81,0.049162825193738866,249,2,2,22,211,0.9920318725099602,0.5413043478260869,0.70042194092827,0.9442934782608696,0.9957753211406666,0.08333333333333333,0.08333333333333333,0.125,0.9456521739130435,0.8260869565217391,0.9021739130434783,3.0,24,460,92
disjoint_hybrid_v8,10,43,normal_nat_burst,0.9975812163850974,0.9238722364398964,81,0.049162825193738866,279,2,6,18,181,0.9928825622775801,0.6065217391304348,0.7530364372469637,0.9442934782608696,0.9957753211406666,0.25,0.1,0.2916666666666667,0.9456521739130435,0.8369565217391305,0.9130434782608695,3.0,24,460,92
temporal_mlp_only_v8,10,44,normal_staggered,0.9922045889809152,0.8689893344048522,77,0.033237428229095124,337,1,1,23,123,0.9970414201183432,0.7326086956521739,0.8446115288220551,0.9709239130434784,0.9982713757409427,0.041666666666666664,0.041666666666666664,0.3333333333333333,0.9891304347826086,0.9347826086956522,0.8695652173913043,1.0,24,460,92
disjoint_hybrid_v8,10,44,normal_staggered,0.9922045889809152,0.8689893344048522,77,0.033237428229095124,361,1,5,19,99,0.9972375690607734,0.7847826086956522,0.8783454987834549,0.9709239130434784,0.9982713757409427,0.20833333333333334,0.05,0.5,0.9891304347826086,0.9456521739130435,0.9021739130434783,1.0,24,460,92
temporal_mlp_only_v8,10,44,normal_nat_burst,0.9922045889809152,0.8689893344048522,77,0.033237428229095124,345,1,1,23,115,0.9971098265895953,0.75,0.8560794044665011,0.9875,0.9992356309129709,0.041666666666666664,0.041666666666666664,0.041666666666666664,0.9891304347826086,0.967391304347826,0.8804347826086957,1.0,24,460,92
disjoint_hybrid_v8,10,44,normal_nat_burst,0.9922045889809152,0.8689893344048522,77,0.033237428229095124,371,1,5,19,89,0.9973118279569892,0.8065217391304348,0.891826923076923,0.9875,0.9992356309129709,0.20833333333333334,0.05,0.25,0.9891304347826086,0.967391304347826,0.9130434782608695,1.0,24,460,92
temporal_mlp_only_v8,10,45,normal_staggered,0.995490407832056,0.9682821858454074,88,0.054099005186361314,331,1,1,23,129,0.9969879518072289,0.7195652173913043,0.8358585858585859,0.9817934782608696,0.9988626269778538,0.041666666666666664,0.041666666666666664,0.08333333333333333,0.9782608695652174,0.9130434782608695,0.9782608695652174,1.0,24,460,92
disjoint_hybrid_v8,10,45,normal_staggered,0.995490407832056,0.9682821858454074,88,0.054099005186361314,357,0,4,20,103,1.0,0.7760869565217391,0.8739290085679314,0.9817934782608696,0.9988626269778538,0.16666666666666666,0.0,0.20833333333333334,0.9891304347826086,0.9239130434782609,0.9891304347826086,1.0,24,460,92
temporal_mlp_only_v8,10,45,normal_nat_burst,0.995490407832056,0.9682821858454074,88,0.054099005186361314,328,0,0,24,132,1.0,0.7130434782608696,0.8324873096446701,0.9998188405797102,0.9999905584555643,0.0,0.0,0.0,1.0,0.9347826086956522,0.9891304347826086,2.0,24,460,92
disjoint_hybrid_v8,10,45,normal_nat_burst,0.995490407832056,0.9682821858454074,88,0.054099005186361314,362,0,4,20,98,1.0,0.7869565217391304,0.8807785888077858,0.9998188405797102,0.9999905584555643,0.16666666666666666,0.0,0.16666666666666666,1.0,0.9782608695652174,0.9891304347826086,1.0,24,460,92
temporal_mlp_only_v8,10,46,normal_staggered,0.9914159829399398,0.9653431338845859,77,0.05874809198548413,282,4,4,20,178,0.986013986013986,0.6130434782608696,0.7560321715817695,0.8878623188405798,0.9909889824174185,0.16666666666666666,0.16666666666666666,0.20833333333333334,1.0,0.9021739130434783,0.9130434782608695,2.0,24,460,92
disjoint_hybrid_v8,10,46,normal_staggered,0.9914159829399398,0.9653431338845859,77,0.05874809198548413,308,3,7,17,152,0.9903536977491961,0.6695652173913044,0.7989623865110247,0.8878623188405798,0.9909889824174185,0.2916666666666667,0.15,0.3333333333333333,1.0,0.9021739130434783,0.9347826086956522,1.0,24,460,92
temporal_mlp_only_v8,10,46,normal_nat_burst,0.9914159829399398,0.9653431338845859,77,0.05874809198548413,297,0,0,24,163,1.0,0.6456521739130435,0.7846763540290621,0.9732789855072465,0.9984689168274585,0.0,0.0,0.125,1.0,0.9021739130434783,0.9565217391304348,2.0,24,460,92
disjoint_hybrid_v8,10,46,normal_nat_burst,0.9914159829399398,0.9653431338845859,77,0.05874809198548413,332,0,4,20,128,1.0,0.7217391304347827,0.8383838383838385,0.9732789855072465,0.9984689168274585,0.16666666666666666,0.0,0.25,1.0,0.9130434782608695,0.967391304347826,2.0,24,460,92
temporal_mlp_only_v8,50,42,normal_staggered,0.9979619105149167,0.9235688596401813,69,0.04476260857875501,207,0,0,120,253,1.0,0.45,0.6206896551724138,0.996286231884058,0.9988846981284721,0.0,0.0,0.025,0.9891304347826086,0.7391304347826086,0.9239130434782609,4.0,120,460,92
disjoint_hybrid_v8,50,42,normal_staggered,0.9979619105149167,0.9235688596401813,69,0.04476260857875501,252,0,20,100,208,1.0,0.5478260869565217,0.7078651685393258,0.996286231884058,0.9988846981284721,0.16666666666666666,0.0,0.21666666666666667,0.9891304347826086,0.7717391304347826,0.9565217391304348,3.0,120,460,92
temporal_mlp_only_v8,50,42,normal_nat_burst,0.9979619105149167,0.9235688596401813,69,0.04476260857875501,197,0,0,120,263,1.0,0.4282608695652174,0.5996955859969558,0.9984963768115942,0.999590545731921,0.0,0.0,0.016666666666666666,0.9130434782608695,0.7391304347826086,0.8260869565217391,4.0,120,460,92
disjoint_hybrid_v8,50,42,normal_nat_burst,0.9979619105149167,0.9235688596401813,69,0.04476260857875501,247,0,20,100,213,1.0,0.5369565217391304,0.6987270155586986,0.9984963768115942,0.999590545731921,0.16666666666666666,0.0,0.18333333333333332,0.9456521739130435,0.7934782608695652,0.8804347826086957,3.0,120,460,92
temporal_mlp_only_v8,50,43,normal_staggered,0.9690598171100457,0.8504676843658376,85,0.036206760164385274,387,1,1,119,73,0.9974226804123711,0.841304347826087,0.9127358490566038,0.9946557971014494,0.9979222695068553,0.008333333333333333,0.008333333333333333,0.008333333333333333,1.0,1.0,0.8913043478260869,1.0,120,460,92
disjoint_hybrid_v8,50,43,normal_staggered,0.9690598171100457,0.8504676843658376,85,0.036206760164385274,399,1,21,99,61,0.9975,0.8673913043478261,0.9279069767441861,0.9946557971014494,0.9979222695068553,0.175,0.01,0.18333333333333332,1.0,1.0,0.8913043478260869,1.0,120,460,92
temporal_mlp_only_v8,50,43,normal_nat_burst,0.9690598171100457,0.8504676843658376,85,0.036206760164385274,414,0,0,120,46,1.0,0.9,0.9473684210526316,0.9990579710144928,0.999749144495963,0.0,0.0,0.016666666666666666,1.0,1.0,0.9891304347826086,1.0,120,460,92
disjoint_hybrid_v8,50,43,normal_nat_burst,0.9690598171100457,0.8504676843658376,85,0.036206760164385274,420,0,20,100,40,1.0,0.9130434782608695,0.9545454545454545,0.9990579710144928,0.999749144495963,0.16666666666666666,0.0,0.19166666666666668,1.0,1.0,1.0,1.0,120,460,92
temporal_mlp_only_v8,50,44,normal_staggered,0.9983683849820143,0.7885304220386526,120,0.0316559898922889,299,1,1,119,161,0.9966666666666667,0.65,0.7868421052631579,0.9955797101449275,0.9986587773967928,0.008333333333333333,0.008333333333333333,0.041666666666666664,1.0,0.9130434782608695,0.9239130434782609,2.0,120,460,92
disjoint_hybrid_v8,50,44,normal_staggered,0.9983683849820143,0.7885304220386526,120,0.0316559898922889,333,1,21,99,127,0.9970059880239521,0.7239130434782609,0.8387909319899244,0.9955797101449275,0.9986587773967928,0.175,0.01,0.20833333333333334,1.0,0.9347826086956522,0.9565217391304348,2.0,120,460,92
temporal_mlp_only_v8,50,44,normal_nat_burst,0.9983683849820143,0.7885304220386526,120,0.0316559898922889,318,0,0,120,142,1.0,0.691304347826087,0.8174807197943444,0.9959782608695653,0.9988188660649218,0.0,0.0,0.025,0.967391304347826,0.9239130434782609,0.8260869565217391,1.0,120,460,92
disjoint_hybrid_v8,50,44,normal_nat_burst,0.9983683849820143,0.7885304220386526,120,0.0316559898922889,330,0,20,100,130,1.0,0.717391304347826,0.8354430379746834,0.9959782608695653,0.9988188660649218,0.16666666666666666,0.0,0.18333333333333332,0.967391304347826,0.9239130434782609,0.8586956521739131,1.0,120,460,92
temporal_mlp_only_v8,50,45,normal_staggered,0.994739300548836,0.958618742357311,97,0.05228856607922386,325,1,1,119,135,0.9969325153374233,0.7065217391304348,0.8269720101781171,0.9966847826086956,0.9989705656630279,0.008333333333333333,0.008333333333333333,0.016666666666666666,0.9782608695652174,0.9456521739130435,0.9239130434782609,1.5,120,460,92
disjoint_hybrid_v8,50,45,normal_staggered,0.994739300548836,0.958618742357311,97,0.05228856607922386,340,1,21,99,120,0.9970674486803519,0.7391304347826086,0.8489388264669163,0.9966847826086956,0.9989705656630279,0.175,0.01,0.2,0.9782608695652174,0.9456521739130435,0.9239130434782609,1.0,120,460,92
temporal_mlp_only_v8,50,45,normal_nat_burst,0.994739300548836,0.958618742357311,97,0.05228856607922386,339,1,1,119,121,0.9970588235294118,0.7369565217391304,0.8475,0.9929710144927536,0.9978707827370298,0.008333333333333333,0.008333333333333333,0.05,0.9782608695652174,0.9565217391304348,0.9021739130434783,1.0,120,460,92
disjoint_hybrid_v8,50,45,normal_nat_burst,0.994739300548836,0.958618742357311,97,0.05228856607922386,365,1,21,99,95,0.9972677595628415,0.7934782608695652,0.883777239709443,0.9929710144927536,0.9978707827370298,0.175,0.01,0.225,1.0,0.9782608695652174,0.9347826086956522,1.0,120,460,92
temporal_mlp_only_v8,50,46,normal_staggered,0.9828980667136306,0.72694544325648,120,0.025502985751361812,441,4,4,116,19,0.9910112359550561,0.9586956521739131,0.974585635359116,0.9916304347826086,0.9973070562846199,0.03333333333333333,0.03333333333333333,0.058333333333333334,1.0,1.0,1.0,1.0,120,460,92
disjoint_hybrid_v8,50,46,normal_staggered,0.9828980667136306,0.72694544325648,120,0.025502985751361812,445,4,24,96,15,0.9910913140311804,0.967391304347826,0.9790979097909791,0.9916304347826086,0.9973070562846199,0.2,0.04,0.23333333333333334,1.0,1.0,1.0,1.0,120,460,92
temporal_mlp_only_v8,50,46,normal_nat_burst,0.9828980667136306,0.72694544325648,120,0.025502985751361812,418,3,3,117,42,0.9928741092636579,0.908695652173913,0.9489216799091941,0.9896014492753623,0.9964500169644004,0.025,0.025,0.03333333333333333,1.0,1.0,0.9782608695652174,1.0,120,460,92
disjoint_hybrid_v8,50,46,normal_nat_burst,0.9828980667136306,0.72694544325648,120,0.025502985751361812,421,3,23,97,39,0.9929245283018868,0.9152173913043479,0.9524886877828055,0.9896014492753623,0.9964500169644004,0.19166666666666668,0.03,0.20833333333333334,1.0,1.0,0.9891304347826086,1.0,120,460,92
temporal_mlp_only_v8,100,42,normal_staggered,0.9909292738573301,0.610781752831663,84,0.024428225740492318,406,0,0,240,54,1.0,0.8826086956521739,0.9376443418013857,0.9993297101449276,0.9996447421093295,0.0,0.0,0.0375,1.0,1.0,0.9130434782608695,1.0,240,460,92
disjoint_hybrid_v8,100,42,normal_staggered,0.9909292738573301,0.610781752831663,84,0.024428225740492318,412,0,40,200,48,1.0,0.8956521739130435,0.944954128440367,0.9993297101449276,0.9996447421093295,0.16666666666666666,0.0,0.18333333333333332,1.0,1.0,0.9347826086956522,1.0,240,460,92
temporal_mlp_only_v8,100,42,normal_nat_burst,0.9909292738573301,0.610781752831663,84,0.024428225740492318,418,2,2,238,42,0.9952380952380953,0.908695652173913,0.9500000000000001,0.9951721014492754,0.996176181484264,0.008333333333333333,0.008333333333333333,0.0625,1.0,1.0,0.9130434782608695,1.0,240,460,92
disjoint_hybrid_v8,100,42,normal_nat_burst,0.9909292738573301,0.610781752831663,84,0.024428225740492318,426,2,42,198,34,0.9953271028037384,0.9260869565217391,0.9594594594594595,0.9951721014492754,0.996176181484264,0.175,0.01,0.21666666666666667,1.0,1.0,0.9239130434782609,1.0,240,460,92
temporal_mlp_only_v8,100,43,normal_staggered,0.9778519346258089,0.34433404989902816,93,0.01782504468786078,437,4,4,236,23,0.9909297052154195,0.95,0.9700332963374028,0.9945289855072463,0.9963373885342901,0.016666666666666666,0.016666666666666666,0.04583333333333333,1.0,1.0,0.967391304347826,1.0,240,460,92
disjoint_hybrid_v8,100,43,normal_staggered,0.9778519346258089,0.34433404989902816,93,0.01782504468786078,440,3,43,197,20,0.9932279909706546,0.9565217391304348,0.9745293466223698,0.9945289855072463,0.9963373885342901,0.17916666666666667,0.015,0.20833333333333334,1.0,1.0,0.9782608695652174,1.0,240,460,92
temporal_mlp_only_v8,100,43,normal_nat_burst,0.9778519346258089,0.34433404989902816,93,0.01782504468786078,435,2,2,238,25,0.9954233409610984,0.9456521739130435,0.9698996655518395,0.9986141304347826,0.99925305687308,0.008333333333333333,0.008333333333333333,0.05,1.0,1.0,0.967391304347826,1.0,240,460,92
disjoint_hybrid_v8,100,43,normal_nat_burst,0.9778519346258089,0.34433404989902816,93,0.01782504468786078,444,2,42,198,16,0.9955156950672646,0.9652173913043478,0.9801324503311257,0.9986141304347826,0.99925305687308,0.175,0.01,0.20833333333333334,1.0,1.0,0.9782608695652174,1.0,240,460,92
temporal_mlp_only_v8,100,44,normal_staggered,0.9672764799469803,0.5608052786199208,78,0.017023235395344644,449,4,4,236,11,0.9911699779249448,0.9760869565217392,0.9835706462212487,0.998713768115942,0.9992915435526063,0.016666666666666666,0.016666666666666666,0.03333333333333333,1.0,1.0,0.967391304347826,1.0,240,460,92
disjoint_hybrid_v8,100,44,normal_staggered,0.9672764799469803,0.5608052786199208,78,0.017023235395344644,455,3,43,197,5,0.9934497816593887,0.9891304347826086,0.9912854030501089,0.998713768115942,0.9992915435526063,0.17916666666666667,0.015,0.2,1.0,1.0,0.967391304347826,1.0,240,460,92
temporal_mlp_only_v8,100,44,normal_nat_burst,0.9672764799469803,0.5608052786199208,78,0.017023235395344644,452,2,2,238,8,0.9955947136563876,0.9826086956521739,0.9890590809628009,0.9990489130434783,0.9994877655341043,0.008333333333333333,0.008333333333333333,0.05,1.0,1.0,0.9891304347826086,1.0,240,460,92
disjoint_hybrid_v8,100,44,normal_nat_burst,0.9672764799469803,0.5608052786199208,78,0.017023235395344644,453,2,42,198,7,0.9956043956043956,0.9847826086956522,0.9901639344262295,0.9990489130434783,0.9994877655341043,0.175,0.01,0.22083333333333333,1.0,1.0,0.9891304347826086,1.0,240,460,92
temporal_mlp_only_v8,100,45,normal_staggered,0.991089662062642,0.9260930207726693,71,0.036883685730179736,354,4,4,236,106,0.9888268156424581,0.7695652173913043,0.865525672371638,0.9899547101449275,0.9925966756723686,0.016666666666666666,0.016666666666666666,0.03333333333333333,1.0,0.9891304347826086,0.9239130434782609,1.0,240,460,92
disjoint_hybrid_v8,100,45,normal_staggered,0.991089662062642,0.9260930207726693,71,0.036883685730179736,365,4,44,196,95,0.989159891598916,0.7934782608695652,0.8805790108564535,0.9899547101449275,0.9925966756723686,0.18333333333333332,0.02,0.2125,1.0,0.9891304347826086,0.9239130434782609,1.0,240,460,92
temporal_mlp_only_v8,100,45,normal_nat_burst,0.991089662062642,0.9260930207726693,71,0.036883685730179736,407,0,0,240,53,1.0,0.8847826086956522,0.9388696655132642,0.9996467391304348,0.9998120972698328,0.0,0.0,0.008333333333333333,1.0,1.0,0.9782608695652174,1.0,240,460,92
disjoint_hybrid_v8,100,45,normal_nat_burst,0.991089662062642,0.9260930207726693,71,0.036883685730179736,411,0,40,200,49,1.0,0.8934782608695652,0.9437428243398392,0.9996467391304348,0.9998120972698328,0.16666666666666666,0.0,0.1875,1.0,1.0,0.9782608695652174,1.0,240,460,92
temporal_mlp_only_v8,100,46,normal_staggered,0.9374651860944364,0.7163385324072342,79,0.02108602882344483,441,8,8,232,19,0.9821826280623608,0.9586956521739131,0.9702970297029704,0.9946376811594202,0.996806513963693,0.03333333333333333,0.03333333333333333,0.05,1.0,1.0,0.9565217391304348,1.0,240,460,92
disjoint_hybrid_v8,100,46,normal_staggered,0.9374651860944364,0.7163385324072342,79,0.02108602882344483,441,7,47,193,19,0.984375,0.9586956521739131,0.9713656387665197,0.9946376811594202,0.996806513963693,0.19583333333333333,0.035,0.225,1.0,1.0,0.9565217391304348,1.0,240,460,92
temporal_mlp_only_v8,100,46,normal_nat_burst,0.9374651860944364,0.7163385324072342,79,0.02108602882344483,447,8,8,232,13,0.9824175824175824,0.9717391304347827,0.9770491803278689,0.9944655797101449,0.996684208673122,0.03333333333333333,0.03333333333333333,0.05416666666666667,1.0,1.0,1.0,1.0,240,460,92
disjoint_hybrid_v8,100,46,normal_nat_burst,0.9374651860944364,0.7163385324072342,79,0.02108602882344483,453,7,47,193,7,0.9847826086956522,0.9847826086956522,0.9847826086956522,0.9944655797101449,0.996684208673122,0.19583333333333333,0.035,0.21666666666666667,1.0,1.0,1.0,1.0,240,460,92
temporal_mlp_only_v8,500,42,normal_staggered,0.996134630181458,0.9236940071041384,103,0.03972541862938683,326,4,4,1196,134,0.9878787878787879,0.7086956521739131,0.8253164556962025,0.9972934782608696,0.9894779536331655,0.0033333333333333335,0.0033333333333333335,0.01,1.0,0.9239130434782609,0.9565217391304348,1.0,1200,460,92
disjoint_hybrid_v8,500,42,normal_staggered,0.996134630181458,0.9236940071041384,103,0.03972541862938683,355,4,204,996,105,0.9888579387186629,0.7717391304347826,0.8669108669108669,0.9972934782608696,0.9894779536331655,0.17,0.004,0.18666666666666668,1.0,0.9239130434782609,0.967391304347826,1.0,1200,460,92
temporal_mlp_only_v8,500,42,normal_nat_burst,0.996134630181458,0.9236940071041384,103,0.03972541862938683,296,1,1,1199,164,0.9966329966329966,0.6434782608695652,0.7820343461030382,0.9978315217391305,0.9934496542161655,0.0008333333333333334,0.0008333333333333334,0.0125,0.967391304347826,0.9239130434782609,0.9021739130434783,2.0,1200,460,92
disjoint_hybrid_v8,500,42,normal_nat_burst,0.996134630181458,0.9236940071041384,103,0.03972541862938683,327,1,201,999,133,0.9969512195121951,0.7108695652173913,0.8299492385786801,0.9978315217391305,0.9934496542161655,0.1675,0.001,0.18166666666666667,0.9782608695652174,0.9347826086956522,0.9239130434782609,2.0,1200,460,92
temporal_mlp_only_v8,500,43,normal_staggered,0.99375771097075,0.8329295210344916,101,0.033365603608553715,379,6,6,1194,81,0.9844155844155844,0.8239130434782609,0.8970414201183432,0.9964583333333333,0.9852815823780533,0.005,0.005,0.013333333333333334,1.0,0.9891304347826086,0.8804347826086957,1.0,1200,460,92
disjoint_hybrid_v8,500,43,normal_staggered,0.99375771097075,0.8329295210344916,101,0.033365603608553715,395,4,204,996,65,0.9899749373433584,0.8586956521739131,0.919674039580908,0.9964583333333333,0.9852815823780533,0.17,0.004,0.195,1.0,0.9891304347826086,0.9021739130434783,1.0,1200,460,92
temporal_mlp_only_v8,500,43,normal_nat_burst,0.99375771097075,0.8329295210344916,101,0.033365603608553715,336,6,6,1194,124,0.9824561403508771,0.7304347826086957,0.8379052369077307,0.9963333333333333,0.9864885161208136,0.005,0.005,0.020833333333333332,0.9891304347826086,0.9565217391304348,0.8913043478260869,1.0,1200,460,92
disjoint_hybrid_v8,500,43,normal_nat_burst,0.99375771097075,0.8329295210344916,101,0.033365603608553715,371,5,205,995,89,0.9867021276595744,0.8065217391304348,0.8875598086124401,0.9963333333333333,0.9864885161208136,0.17083333333333334,0.005,0.1925,0.9891304347826086,0.967391304347826,0.9130434782608695,1.0,1200,460,92
temporal_mlp_only_v8,500,44,normal_staggered,0.9989359422142899,0.977559806936512,73,0.07016875256650869,231,3,3,1197,229,0.9871794871794872,0.5021739130434782,0.6657060518731989,0.9966938405797101,0.988091458755739,0.0025,0.0025,0.006666666666666667,0.9347826086956522,0.8152173913043478,0.8804347826086957,3.0,1200,460,92
disjoint_hybrid_v8,500,44,normal_staggered,0.9989359422142899,0.977559806936512,73,0.07016875256650869,268,2,202,998,192,0.9925925925925926,0.5826086956521739,0.7342465753424657,0.9966938405797101,0.988091458755739,0.16833333333333333,0.002,0.18583333333333332,0.9456521739130435,0.8586956521739131,0.8913043478260869,2.5,1200,460,92
temporal_mlp_only_v8,500,44,normal_nat_burst,0.9989359422142899,0.977559806936512,73,0.07016875256650869,209,6,6,1194,251,0.9720930232558139,0.4543478260869565,0.6192592592592592,0.9945489130434783,0.978581614501112,0.005,0.005,0.010833333333333334,0.8804347826086957,0.8152173913043478,0.8478260869565217,3.0,1200,460,92
disjoint_hybrid_v8,500,44,normal_nat_burst,0.9989359422142899,0.977559806936512,73,0.07016875256650869,240,5,205,995,220,0.9795918367346939,0.5217391304347826,0.6808510638297872,0.9945489130434783,0.978581614501112,0.17083333333333334,0.005,0.18583333333333332,0.8913043478260869,0.8369565217391305,0.8586956521739131,3.0,1200,460,92
temporal_mlp_only_v8,500,45,normal_staggered,0.9966790768769517,0.8982629928446617,120,0.038141898362707954,298,2,2,1198,162,0.9933333333333333,0.6478260869565218,0.7842105263157895,0.9981521739130435,0.9933128814284637,0.0016666666666666668,0.0016666666666666668,0.008333333333333333,0.9891304347826086,0.8804347826086957,0.8695652173913043,2.0,1200,460,92
disjoint_hybrid_v8,500,45,normal_staggered,0.9966790768769517,0.8982629928446617,120,0.038141898362707954,318,1,201,999,142,0.9968652037617555,0.691304347826087,0.816431322207959,0.9981521739130435,0.9933128814284637,0.1675,0.001,0.1875,0.9891304347826086,0.8804347826086957,0.8913043478260869,2.0,1200,460,92
temporal_mlp_only_v8,500,45,normal_nat_burst,0.9966790768769517,0.8982629928446617,120,0.038141898362707954,349,0,0,1200,111,1.0,0.758695652173913,0.8627935723114957,0.9988007246376811,0.9966205247167073,0.0,0.0,0.01,0.9891304347826086,0.9565217391304348,0.9565217391304348,1.0,1200,460,92
disjoint_hybrid_v8,500,45,normal_nat_burst,0.9966790768769517,0.8982629928446617,120,0.038141898362707954,378,0,200,1000,82,1.0,0.8217391304347826,0.9021479713603819,0.9988007246376811,0.9966205247167073,0.16666666666666666,0.0,0.18083333333333335,1.0,1.0,0.967391304347826,1.0,1200,460,92
temporal_mlp_only_v8,500,46,normal_staggered,0.9875272552534361,0.8347599125100261,109,0.03223291047361491,397,6,6,1194,63,0.9851116625310173,0.8630434782608696,0.9200463499420627,0.9970815217391304,0.989969853222511,0.005,0.005,0.02,1.0,1.0,0.9891304347826086,1.0,1200,460,92
disjoint_hybrid_v8,500,46,normal_staggered,0.9875272552534361,0.8347599125100261,109,0.03223291047361491,402,5,205,995,58,0.9877149877149877,0.8739130434782608,0.9273356401384082,0.9970815217391304,0.989969853222511,0.17083333333333334,0.005,0.2,1.0,1.0,0.9891304347826086,1.0,1200,460,92
temporal_mlp_only_v8,500,46,normal_nat_burst,0.9875272552534361,0.8347599125100261,109,0.03223291047361491,365,8,8,1192,95,0.9785522788203753,0.7934782608695652,0.8763505402160865,0.9962572463768116,0.98804299839279,0.006666666666666667,0.006666666666666667,0.023333333333333334,1.0,0.967391304347826,0.9782608695652174,1.0,1200,460,92
disjoint_hybrid_v8,500,46,normal_nat_burst,0.9875272552534361,0.8347599125100261,109,0.03223291047361491,378,7,207,993,82,0.9818181818181818,0.8217391304347826,0.8946745562130178,0.9962572463768116,0.98804299839279,0.1725,0.007,0.19666666666666666,1.0,0.967391304347826,0.9782608695652174,1.0,1200,460,92
temporal_mlp_only_v8,1000,42,normal_staggered,0.9988585784928219,0.9748329925546924,76,0.05919181195806668,187,5,5,2395,273,0.9739583333333334,0.40652173913043477,0.5736196319018404,0.9960534420289856,0.9695956329892463,0.0020833333333333333,0.0020833333333333333,0.009166666666666667,0.8913043478260869,0.6630434782608695,0.8260869565217391,3.0,2400,460,92
disjoint_hybrid_v8,1000,42,normal_staggered,0.9988585784928219,0.9748329925546924,76,0.05919181195806668,231,4,404,1996,229,0.9829787234042553,0.5021739130434782,0.6647482014388489,0.9960534420289856,0.9695956329892463,0.16833333333333333,0.002,0.1875,0.9130434782608695,0.7391304347826086,0.8478260869565217,3.0,2400,460,92
temporal_mlp_only_v8,1000,42,normal_nat_burst,0.9988585784928219,0.9748329925546924,76,0.05919181195806668,195,4,4,2396,265,0.9798994974874372,0.42391304347826086,0.5918057663125948,0.9967952898550725,0.977844958895519,0.0016666666666666668,0.0016666666666666668,0.008333333333333333,0.8478260869565217,0.7065217391304348,0.7391304347826086,3.0,2400,460,92
disjoint_hybrid_v8,1000,42,normal_nat_burst,0.9988585784928219,0.9748329925546924,76,0.05919181195806668,239,2,402,1998,221,0.991701244813278,0.5195652173913043,0.68188302425107,0.9967952898550725,0.977844958895519,0.1675,0.001,0.17625,0.8913043478260869,0.75,0.7934782608695652,3.0,2400,460,92
temporal_mlp_only_v8,1000,43,normal_staggered,0.9966106765003789,0.9556974697154469,61,0.057032776007129415,218,4,4,2396,242,0.9819819819819819,0.47391304347826085,0.6392961876832844,0.9971793478260869,0.9814759498803387,0.0016666666666666668,0.0016666666666666668,0.007083333333333333,0.9021739130434783,0.7282608695652174,0.8369565217391305,3.0,2400,460,92
disjoint_hybrid_v8,1000,43,normal_staggered,0.9966106765003789,0.9556974697154469,61,0.057032776007129415,254,2,402,1998,206,0.9921875,0.5521739130434783,0.7094972067039106,0.9971793478260869,0.9814759498803387,0.1675,0.001,0.18458333333333332,0.9239130434782609,0.75,0.8695652173913043,3.0,2400,460,92
temporal_mlp_only_v8,1000,43,normal_nat_burst,0.9966106765003789,0.9556974697154469,61,0.057032776007129415,190,6,6,2394,270,0.9693877551020408,0.41304347826086957,0.5792682926829268,0.9966811594202898,0.9739238993940897,0.0025,0.0025,0.005833333333333334,0.8913043478260869,0.6630434782608695,0.8695652173913043,4.0,2400,460,92
disjoint_hybrid_v8,1000,43,normal_nat_burst,0.9966106765003789,0.9556974697154469,61,0.057032776007129415,241,2,402,1998,219,0.9917695473251029,0.5239130434782608,0.6856330014224751,0.9966811594202898,0.9739238993940897,0.1675,0.001,0.17666666666666667,0.9347826086956522,0.75,0.9130434782608695,3.0,2400,460,92
temporal_mlp_only_v8,1000,44,normal_staggered,0.9979932635303999,0.9673241187916443,109,0.04953430732125893,269,9,9,2391,191,0.9676258992805755,0.5847826086956521,0.7289972899728997,0.9955217391304347,0.9655981538160202,0.00375,0.00375,0.013333333333333334,0.9891304347826086,0.8804347826086957,0.9021739130434783,2.0,2400,460,92
disjoint_hybrid_v8,1000,44,normal_staggered,0.9979932635303999,0.9673241187916443,109,0.04953430732125893,294,5,405,1995,166,0.9832775919732442,0.6391304347826087,0.774703557312253,0.9955217391304347,0.9655981538160202,0.16875,0.0025,0.18958333333333333,0.9891304347826086,0.9021739130434783,0.9021739130434783,2.0,2400,460,92
temporal_mlp_only_v8,1000,44,normal_nat_burst,0.9979932635303999,0.9673241187916443,109,0.04953430732125893,251,5,5,2395,209,0.98046875,0.5456521739130434,0.7011173184357541,0.9969628623188406,0.9768354976309923,0.0020833333333333333,0.0020833333333333333,0.01375,0.9347826086956522,0.8478260869565217,0.7608695652173914,2.0,2400,460,92
disjoint_hybrid_v8,1000,44,normal_nat_burst,0.9979932635303999,0.9673241187916443,109,0.04953430732125893,284,4,404,1996,176,0.9861111111111112,0.6173913043478261,0.7593582887700534,0.9969628623188406,0.9768354976309923,0.16833333333333333,0.002,0.18666666666666668,0.9347826086956522,0.8695652173913043,0.7934782608695652,1.0,2400,460,92
temporal_mlp_only_v8,1000,45,normal_staggered,0.9938875394896037,0.9307012755167513,64,0.046114205241044835,263,2,2,2398,197,0.9924528301886792,0.5717391304347826,0.7255172413793104,0.9986367753623189,0.9915336315510683,0.0008333333333333334,0.0008333333333333334,0.00875,0.9782608695652174,0.8478260869565217,0.9130434782608695,2.0,2400,460,92
disjoint_hybrid_v8,1000,45,normal_staggered,0.9938875394896037,0.9307012755167513,64,0.046114205241044835,285,2,402,1998,175,0.9930313588850174,0.6195652173913043,0.7630522088353413,0.9986367753623189,0.9915336315510683,0.1675,0.001,0.18625,0.9782608695652174,0.8804347826086957,0.9130434782608695,2.0,2400,460,92
temporal_mlp_only_v8,1000,45,normal_nat_burst,0.9938875394896037,0.9307012755167513,64,0.046114205241044835,284,4,4,2396,176,0.9861111111111112,0.6173913043478261,0.7593582887700534,0.9975806159420291,0.9801813537513774,0.0016666666666666668,0.0016666666666666668,0.007916666666666667,0.9565217391304348,0.8586956521739131,0.8913043478260869,1.5,2400,460,92
disjoint_hybrid_v8,1000,45,normal_nat_burst,0.9938875394896037,0.9307012755167513,64,0.046114205241044835,315,4,404,1996,145,0.987460815047022,0.6847826086956522,0.8087291399229782,0.9975806159420291,0.9801813537513774,0.16833333333333333,0.002,0.17833333333333334,0.9565217391304348,0.8586956521739131,0.9021739130434783,1.0,2400,460,92
temporal_mlp_only_v8,1000,46,normal_staggered,0.9973521678974804,0.9315930056315972,87,0.053556538351393804,261,3,3,2397,199,0.9886363636363636,0.5673913043478261,0.7209944751381216,0.997802536231884,0.9868247128646477,0.00125,0.00125,0.011666666666666667,0.967391304347826,0.8586956521739131,0.8804347826086957,2.0,2400,460,92
disjoint_hybrid_v8,1000,46,normal_staggered,0.9973521678974804,0.9315930056315972,87,0.053556538351393804,292,3,403,1997,168,0.9898305084745763,0.6347826086956522,0.7735099337748345,0.997802536231884,0.9868247128646477,0.16791666666666666,0.0015,0.18916666666666668,0.967391304347826,0.8804347826086957,0.8913043478260869,2.0,2400,460,92
temporal_mlp_only_v8,1000,46,normal_nat_burst,0.9973521678974804,0.9315930056315972,87,0.053556538351393804,244,6,6,2394,216,0.976,0.5304347826086957,0.6873239436619718,0.9967690217391304,0.978071424311221,0.0025,0.0025,0.012083333333333333,0.9130434782608695,0.7934782608695652,0.8586956521739131,2.0,2400,460,92
disjoint_hybrid_v8,1000,46,normal_nat_burst,0.9973521678974804,0.9315930056315972,87,0.053556538351393804,271,5,405,1995,189,0.9818840579710145,0.5891304347826087,0.736413043478261,0.9967690217391304,0.978071424311221,0.16875,0.0025,0.18333333333333332,0.9347826086956522,0.8260869565217391,0.8804347826086957,2.0,2400,460,92
temporal_mlp_only_v8,5000,42,normal_staggered,0.9961806409312531,0.8083020234626536,120,0.029287211230340143,333,21,21,11979,127,0.940677966101695,0.7239130434782609,0.8181818181818182,0.998475,0.9569056355869867,0.00175,0.00175,0.010083333333333333,1.0,0.9782608695652174,0.9021739130434783,1.0,12000,460,92
disjoint_hybrid_v8,5000,42,normal_staggered,0.9961806409312531,0.8083020234626536,120,0.029287211230340143,364,18,2018,9982,96,0.9528795811518325,0.7913043478260869,0.8646080760095012,0.998475,0.9569056355869867,0.16816666666666666,0.0018,0.18875,1.0,0.9891304347826086,0.9021739130434783,1.0,12000,460,92
temporal_mlp_only_v8,5000,42,normal_nat_burst,0.9961806409312531,0.8083020234626536,120,0.029287211230340143,322,23,23,11977,138,0.9333333333333333,0.7,0.8,0.9980601449275363,0.9279108065730698,0.0019166666666666666,0.0019166666666666666,0.011166666666666667,0.9782608695652174,0.9130434782608695,0.9130434782608695,1.0,12000,460,92
disjoint_hybrid_v8,5000,42,normal_nat_burst,0.9961806409312531,0.8083020234626536,120,0.029287211230340143,353,21,2021,9979,107,0.9438502673796791,0.7673913043478261,0.8465227817745803,0.9980601449275363,0.9279108065730698,0.16841666666666666,0.0021,0.181,0.9782608695652174,0.9347826086956522,0.9130434782608695,1.0,12000,460,92
temporal_mlp_only_v8,5000,43,normal_staggered,0.9915114800020062,0.8549898912911533,78,0.0384156339722383,321,22,22,11978,139,0.9358600583090378,0.6978260869565217,0.7995018679950187,0.9982711956521739,0.9482868860924691,0.0018333333333333333,0.0018333333333333333,0.009666666666666667,1.0,0.9782608695652174,0.9782608695652174,2.0,12000,460,92
disjoint_hybrid_v8,5000,43,normal_staggered,0.9915114800020062,0.8549898912911533,78,0.0384156339722383,349,16,2016,9984,111,0.9561643835616438,0.758695652173913,0.846060606060606,0.9982711956521739,0.9482868860924691,0.168,0.0016,0.18716666666666668,1.0,0.9782608695652174,0.9782608695652174,1.0,12000,460,92
temporal_mlp_only_v8,5000,43,normal_nat_burst,0.9915114800020062,0.8549898912911533,78,0.0384156339722383,326,29,29,11971,134,0.9183098591549296,0.7086956521739131,0.7999999999999999,0.9982521739130436,0.9442269315817577,0.002416666666666667,0.002416666666666667,0.01,0.9891304347826086,0.9130434782608695,0.9565217391304348,1.0,12000,460,92
disjoint_hybrid_v8,5000,43,normal_nat_burst,0.9915114800020062,0.8549898912911533,78,0.0384156339722383,342,23,2023,9977,118,0.936986301369863,0.7434782608695653,0.8290909090909092,0.9982521739130436,0.9442269315817577,0.16858333333333334,0.0023,0.18033333333333335,0.9891304347826086,0.9130434782608695,0.9565217391304348,1.0,12000,460,92
temporal_mlp_only_v8,5000,44,normal_staggered,0.9957847749675784,0.8953968924606024,87,0.03872771941930234,313,25,25,11975,147,0.9260355029585798,0.6804347826086956,0.7844611528822054,0.9981092391304348,0.9429447312923496,0.0020833333333333333,0.0020833333333333333,0.010333333333333333,0.9891304347826086,0.9347826086956522,0.9565217391304348,2.0,12000,460,92
disjoint_hybrid_v8,5000,44,normal_staggered,0.9957847749675784,0.8953968924606024,87,0.03872771941930234,333,23,2023,9977,127,0.9353932584269663,0.7239130434782609,0.8161764705882353,0.9981092391304348,0.9429447312923496,0.16858333333333334,0.0023,0.18908333333333333,0.9891304347826086,0.9347826086956522,0.9565217391304348,2.0,12000,460,92
temporal_mlp_only_v8,5000,44,normal_nat_burst,0.9957847749675784,0.8953968924606024,87,0.03872771941930234,310,30,30,11970,150,0.9117647058823529,0.6739130434782609,0.775,0.9976697463768116,0.9253616481506315,0.0025,0.0025,0.011666666666666667,0.967391304347826,0.9456521739130435,0.8913043478260869,2.0,12000,460,92
disjoint_hybrid_v8,5000,44,normal_nat_burst,0.9957847749675784,0.8953968924606024,87,0.03872771941930234,352,27,2027,9973,108,0.9287598944591029,0.7652173913043478,0.8390941597139452,0.9976697463768116,0.9253616481506315,0.16891666666666666,0.0027,0.18133333333333335,0.9891304347826086,0.967391304347826,0.9456521739130435,2.0,12000,460,92
temporal_mlp_only_v8,5000,45,normal_staggered,0.9934979864988958,0.7798600953417554,120,0.02923848907684296,398,29,29,11971,62,0.9320843091334895,0.8652173913043478,0.8974069898534385,0.9988572463768116,0.9634101144751572,0.002416666666666667,0.002416666666666667,0.010083333333333333,1.0,1.0,0.967391304347826,1.0,12000,460,92
disjoint_hybrid_v8,5000,45,normal_staggered,0.9934979864988958,0.7798600953417554,120,0.02923848907684296,413,29,2029,9971,47,0.9343891402714932,0.8978260869565218,0.9157427937915743,0.9988572463768116,0.9634101144751572,0.16908333333333334,0.0029,0.19083333333333333,1.0,1.0,0.9891304347826086,1.0,12000,460,92
temporal_mlp_only_v8,5000,45,normal_nat_burst,0.9934979864988958,0.7798600953417554,120,0.02923848907684296,367,40,40,11960,93,0.9017199017199017,0.7978260869565217,0.8465974625144175,0.9977824275362319,0.9303722018387358,0.0033333333333333335,0.0033333333333333335,0.013166666666666667,1.0,0.9891304347826086,0.9347826086956522,1.0,12000,460,92
disjoint_hybrid_v8,5000,45,normal_nat_burst,0.9934979864988958,0.7798600953417554,120,0.02923848907684296,386,36,2036,9964,74,0.9146919431279621,0.8391304347826087,0.8752834467120182,0.9977824275362319,0.9303722018387358,0.16966666666666666,0.0036,0.18341666666666667,1.0,0.9891304347826086,0.967391304347826,1.0,12000,460,92
temporal_mlp_only_v8,5000,46,normal_staggered,0.9925941078471927,0.8872449586756738,93,0.030653117910351708,337,29,29,11971,123,0.9207650273224044,0.7326086956521739,0.8159806295399515,0.9981353260869565,0.9397245672386181,0.002416666666666667,0.002416666666666667,0.010916666666666667,0.9782608695652174,0.9456521739130435,0.9565217391304348,1.0,12000,460,92
disjoint_hybrid_v8,5000,46,normal_staggered,0.9925941078471927,0.8872449586756738,93,0.030653117910351708,363,20,2020,9980,97,0.9477806788511749,0.7891304347826087,0.8612099644128113,0.9981353260869565,0.9397245672386181,0.16833333333333333,0.002,0.19041666666666668,1.0,0.967391304347826,0.9891304347826086,1.0,12000,460,92
temporal_mlp_only_v8,5000,46,normal_nat_burst,0.9925941078471927,0.8872449586756738,93,0.030653117910351708,359,28,28,11972,101,0.9276485788113695,0.7804347826086957,0.847697756788666,0.9986204710144927,0.9605962811802315,0.0023333333333333335,0.0023333333333333335,0.008583333333333333,1.0,0.967391304347826,0.9891304347826086,1.0,12000,460,92
disjoint_hybrid_v8,5000,46,normal_nat_burst,0.9925941078471927,0.8872449586756738,93,0.030653117910351708,378,24,2024,9976,82,0.9402985074626866,0.8217391304347826,0.877030162412993,0.9986204710144927,0.9605962811802315,0.16866666666666666,0.0024,0.17866666666666667,1.0,0.967391304347826,1.0,1.0,12000,460,92
