stage,dataset_size,seed,normal_scenario,sequence_fit_count,sequence_calibration_count,warn_threshold,challenge_threshold,tp,fp,tn,fn,precision,event_challenge_recall,f1,roc_auc,pr_auc,challenge_fpr,warn_fpr,block_fpr,sequence_detection_rate,preobjective_detection_rate,objective_detection_rate,median_time_to_detect_phase,flagged_poison_rejection_rate,normal_count,attack_phase_count,attack_sequence_count
hardened_v3_event,10,42,normal_staggered,36,24,0.6166703289449978,0.6716450304908059,0,0,24,272,0.0,0.0,0.0,0.6641390931372548,0.9561031108192054,0.0,0.041666666666666664,0.0,0.0,0.0,0.0,5.0,1.0,24,272,68
sequence_model_v5,10,42,normal_staggered,36,24,0.6166703289449978,0.6716450304908059,0,0,24,272,0.0,0.0,0.0,0.6548713235294118,0.946569369813853,0.0,0.041666666666666664,0.0,0.0,0.0,0.0,5.0,1.0,24,272,68
hardened_v3_event,10,42,normal_nat_burst,36,24,0.5922456513629978,0.6319294718157775,4,0,24,268,1.0,0.014705882352941176,0.028985507246376812,0.7575827205882353,0.9718433057015207,0.0,0.0,0.0,0.058823529411764705,0.014705882352941176,0.04411764705882353,5.0,1.0,24,272,68
sequence_model_v5,10,42,normal_nat_burst,36,24,0.5922456513629978,0.6319294718157775,16,0,24,256,1.0,0.058823529411764705,0.1111111111111111,0.8282781862745098,0.9811918869784173,0.0,0.0,0.0,0.23529411764705882,0.058823529411764705,0.17647058823529413,5.0,1.0,24,272,68
hardened_v3_event,10,43,normal_staggered,36,24,0.5739957087787876,0.6117894471119333,3,0,24,269,1.0,0.011029411764705883,0.02181818181818182,0.6201746323529411,0.9427969587446391,0.0,0.0,0.0,0.04411764705882353,0.0,0.04411764705882353,5.0,1.0,24,272,68
sequence_model_v5,10,43,normal_staggered,36,24,0.5739957087787876,0.6117894471119333,83,2,22,189,0.9764705882352941,0.30514705882352944,0.46498599439775906,0.7225030637254901,0.9668509340638249,0.08333333333333333,0.125,0.0,0.6911764705882353,0.4852941176470588,0.6323529411764706,4.0,1.0,24,272,68
hardened_v3_event,10,43,normal_nat_burst,36,24,0.5580964620376154,0.5940279103274287,3,0,24,269,1.0,0.011029411764705883,0.02181818181818182,0.753140318627451,0.9719707223120272,0.0,0.0,0.0,0.04411764705882353,0.0,0.04411764705882353,5.0,1.0,24,272,68
sequence_model_v5,10,43,normal_nat_burst,36,24,0.5580964620376154,0.5940279103274287,7,0,24,265,1.0,0.025735294117647058,0.05017921146953405,0.7856924019607844,0.9751855577932008,0.0,0.0,0.0,0.10294117647058823,0.058823529411764705,0.04411764705882353,5.0,1.0,24,272,68
hardened_v3_event,10,44,normal_staggered,36,24,0.5196751559244239,0.5465502047893871,5,0,24,267,1.0,0.01838235294117647,0.03610108303249098,0.7110140931372549,0.9590867549805213,0.0,0.08333333333333333,0.0,0.07352941176470588,0.029411764705882353,0.04411764705882353,5.0,1.0,24,272,68
sequence_model_v5,10,44,normal_staggered,36,24,0.5196751559244239,0.5465502047893871,103,0,24,169,1.0,0.3786764705882353,0.5493333333333333,0.8083639705882355,0.9811196487589118,0.0,0.08333333333333333,0.0,0.7794117647058824,0.5294117647058824,0.7205882352941176,3.0,1.0,24,272,68
hardened_v3_event,10,44,normal_nat_burst,36,24,0.5366834492462157,0.5694782713846995,2,0,24,270,1.0,0.007352941176470588,0.014598540145985401,0.7261795343137255,0.9678439778132352,0.0,0.0,0.0,0.029411764705882353,0.0,0.029411764705882353,5.0,1.0,24,272,68
sequence_model_v5,10,44,normal_nat_burst,36,24,0.5366834492462157,0.5694782713846995,10,0,24,262,1.0,0.03676470588235294,0.07092198581560283,0.7173713235294118,0.9611712568333135,0.0,0.041666666666666664,0.0,0.11764705882352941,0.10294117647058823,0.029411764705882353,5.0,1.0,24,272,68
hardened_v3_event,10,45,normal_staggered,36,24,0.6460635148464277,0.6687742050784319,6,0,24,266,1.0,0.022058823529411766,0.04316546762589929,0.7050398284313726,0.9593865675174652,0.0,0.0,0.0,0.07352941176470588,0.029411764705882353,0.058823529411764705,5.0,1.0,24,272,68
sequence_model_v5,10,45,normal_staggered,36,24,0.6460635148464277,0.6687742050784319,18,0,24,254,1.0,0.0661764705882353,0.12413793103448276,0.7999387254901961,0.9801743052374516,0.0,0.0,0.0,0.22058823529411764,0.058823529411764705,0.20588235294117646,5.0,1.0,24,272,68
hardened_v3_event,10,45,normal_nat_burst,36,24,0.6554605139031698,0.707209599652257,5,0,24,267,1.0,0.01838235294117647,0.03610108303249098,0.8202359068627451,0.9780643527829017,0.0,0.0,0.0,0.07352941176470588,0.0,0.07352941176470588,5.0,1.0,24,272,68
sequence_model_v5,10,45,normal_nat_burst,36,24,0.6554605139031698,0.707209599652257,19,0,24,253,1.0,0.06985294117647059,0.13058419243986255,0.7939644607843137,0.9769762225194258,0.0,0.0,0.0,0.20588235294117646,0.08823529411764706,0.19117647058823528,5.0,1.0,24,272,68
hardened_v3_event,10,46,normal_staggered,36,24,0.5773834000866782,0.6108827321113773,1,0,24,271,1.0,0.003676470588235294,0.007326007326007326,0.728936887254902,0.9642476986466421,0.0,0.0,0.0,0.014705882352941176,0.0,0.014705882352941176,5.0,1.0,24,272,68
sequence_model_v5,10,46,normal_staggered,36,24,0.5773834000866782,0.6108827321113773,72,0,24,200,1.0,0.2647058823529412,0.4186046511627907,0.823529411764706,0.9821172255765216,0.0,0.0,0.0,0.6323529411764706,0.47058823529411764,0.5882352941176471,4.0,1.0,24,272,68
hardened_v3_event,10,46,normal_nat_burst,36,24,0.557930971867282,0.602292924829838,3,0,24,269,1.0,0.011029411764705883,0.02181818181818182,0.8202359068627451,0.9781914059136856,0.0,0.0,0.0,0.04411764705882353,0.0,0.04411764705882353,5.0,1.0,24,272,68
sequence_model_v5,10,46,normal_nat_burst,36,24,0.557930971867282,0.602292924829838,79,0,24,193,1.0,0.29044117647058826,0.45014245014245013,0.8650428921568627,0.9864046562855256,0.0,0.041666666666666664,0.0,0.6470588235294118,0.5,0.6323529411764706,3.5,1.0,24,272,68
hardened_v3_event,50,42,normal_staggered,324,120,0.5020163403022855,0.5933058597444714,0,0,120,272,0.0,0.0,0.0,0.6773131127450981,0.8252656988743285,0.0,0.016666666666666666,0.0,0.0,0.0,0.0,5.0,1.0,120,272,68
sequence_model_v5,50,42,normal_staggered,324,120,0.5020163403022855,0.5933058597444714,37,2,118,235,0.9487179487179487,0.13602941176470587,0.23794212218649516,0.7586550245098039,0.8625563776530226,0.016666666666666666,0.14166666666666666,0.0,0.3382352941176471,0.23529411764705882,0.27941176470588236,5.0,1.0,120,272,68
hardened_v3_event,50,42,normal_nat_burst,324,120,0.5562736786760327,0.6534419089273499,0,0,120,272,0.0,0.0,0.0,0.9171568627450981,0.9609269385950158,0.0,0.008333333333333333,0.0,0.0,0.0,0.0,5.0,1.0,120,272,68
sequence_model_v5,50,42,normal_nat_burst,324,120,0.5562736786760327,0.6534419089273499,26,1,119,246,0.9629629629629629,0.09558823529411764,0.17391304347826086,0.8897977941176471,0.9461586570750042,0.008333333333333333,0.016666666666666666,0.0,0.29411764705882354,0.10294117647058823,0.27941176470588236,5.0,1.0,120,272,68
hardened_v3_event,50,43,normal_staggered,324,120,0.48945639873359587,0.5304557818502666,0,0,120,272,0.0,0.0,0.0,0.8002757352941177,0.8830010752367167,0.0,0.008333333333333333,0.0,0.0,0.0,0.0,5.0,1.0,120,272,68
sequence_model_v5,50,43,normal_staggered,324,120,0.48945639873359587,0.5304557818502666,57,3,117,215,0.95,0.20955882352941177,0.3433734939759036,0.7714154411764705,0.8841149465501257,0.025,0.06666666666666667,0.0,0.5441176470588235,0.35294117647058826,0.4264705882352941,4.0,1.0,120,272,68
hardened_v3_event,50,43,normal_nat_burst,324,120,0.5933587564187143,0.6480112674514216,0,0,120,272,0.0,0.0,0.0,0.9036917892156864,0.9522825455283513,0.0,0.0,0.0,0.0,0.0,0.0,5.0,1.0,120,272,68
sequence_model_v5,50,43,normal_nat_burst,324,120,0.5933587564187143,0.6480112674514216,27,1,119,245,0.9642857142857143,0.09926470588235294,0.18,0.8878216911764706,0.943106873781653,0.008333333333333333,0.008333333333333333,0.0,0.3088235294117647,0.11764705882352941,0.27941176470588236,5.0,1.0,120,272,68
hardened_v3_event,50,44,normal_staggered,324,120,0.5401564827143793,0.5866542128096818,0,0,120,272,0.0,0.0,0.0,0.7117493872549019,0.8380765355964219,0.0,0.008333333333333333,0.0,0.0,0.0,0.0,5.0,1.0,120,272,68
sequence_model_v5,50,44,normal_staggered,324,120,0.5401564827143793,0.5866542128096818,48,4,116,224,0.9230769230769231,0.17647058823529413,0.29629629629629634,0.7072610294117647,0.8530541086127681,0.03333333333333333,0.075,0.0,0.38235294117647056,0.3235294117647059,0.36764705882352944,5.0,1.0,120,272,68
hardened_v3_event,50,44,normal_nat_burst,324,120,0.6120167971432263,0.6468950294972545,0,0,120,272,0.0,0.0,0.0,0.9319240196078431,0.9670521557089443,0.0,0.0,0.0,0.0,0.0,0.0,5.0,1.0,120,272,68
sequence_model_v5,50,44,normal_nat_burst,324,120,0.6120167971432263,0.6468950294972545,25,1,119,247,0.9615384615384616,0.09191176470588236,0.16778523489932887,0.8901960784313726,0.9452991767152383,0.008333333333333333,0.008333333333333333,0.0,0.3235294117647059,0.10294117647058823,0.2647058823529412,5.0,1.0,120,272,68
hardened_v3_event,50,45,normal_staggered,324,120,0.535353385980248,0.6480420274285509,1,0,120,271,1.0,0.003676470588235294,0.007326007326007326,0.7154564950980392,0.8513109355120315,0.0,0.0,0.0,0.014705882352941176,0.0,0.014705882352941176,5.0,1.0,120,272,68
sequence_model_v5,50,45,normal_staggered,324,120,0.535353385980248,0.6480420274285509,15,0,120,257,1.0,0.05514705882352941,0.10452961672473866,0.8013633578431373,0.894354168253588,0.0,0.041666666666666664,0.0,0.17647058823529413,0.04411764705882353,0.17647058823529413,5.0,1.0,120,272,68
hardened_v3_event,50,45,normal_nat_burst,324,120,0.5490048924913188,0.5908693300092684,0,0,120,272,0.0,0.0,0.0,0.9203125,0.9615948706193658,0.0,0.0,0.0,0.0,0.0,0.0,5.0,1.0,120,272,68
sequence_model_v5,50,45,normal_nat_burst,324,120,0.5490048924913188,0.5908693300092684,106,2,118,166,0.9814814814814815,0.3897058823529412,0.5578947368421052,0.8826593137254902,0.948836316312575,0.016666666666666666,0.03333333333333333,0.0,0.8088235294117647,0.5441176470588235,0.8088235294117647,3.0,1.0,120,272,68
hardened_v3_event,50,46,normal_staggered,324,120,0.5486037058211507,0.6067943947472909,0,1,119,272,0.0,0.0,0.0,0.7157015931372548,0.8240092048201786,0.008333333333333333,0.025,0.0,0.0,0.0,0.0,5.0,1.0,120,272,68
sequence_model_v5,50,46,normal_staggered,324,120,0.5486037058211507,0.6067943947472909,28,2,118,244,0.9333333333333333,0.10294117647058823,0.18543046357615892,0.7743412990196079,0.8797142103791471,0.016666666666666666,0.075,0.0,0.23529411764705882,0.23529411764705882,0.17647058823529413,5.0,1.0,120,272,68
hardened_v3_event,50,46,normal_nat_burst,324,120,0.590287284917825,0.6446702483745479,0,0,120,272,0.0,0.0,0.0,0.9111366421568626,0.9565046841310116,0.0,0.0,0.0,0.0,0.0,0.0,5.0,1.0,120,272,68
sequence_model_v5,50,46,normal_nat_burst,324,120,0.590287284917825,0.6446702483745479,43,1,119,229,0.9772727272727273,0.15808823529411764,0.2721518987341772,0.8900735294117648,0.9459785652774362,0.008333333333333333,0.016666666666666666,0.0,0.5,0.19117647058823528,0.4264705882352941,4.5,1.0,120,272,68
hardened_v3_event,100,42,normal_staggered,684,240,0.6099453999654932,0.7022969229690548,1,0,240,271,1.0,0.003676470588235294,0.007326007326007326,0.6725413602941177,0.7093922924490093,0.0,0.0,0.0,0.014705882352941176,0.014705882352941176,0.0,5.0,1.0,240,272,68
sequence_model_v5,100,42,normal_staggered,684,240,0.6099453999654932,0.7022969229690548,13,0,240,259,1.0,0.04779411764705882,0.09122807017543859,0.7851332720588234,0.8162205237893532,0.0,0.0125,0.0,0.19117647058823528,0.014705882352941176,0.17647058823529413,5.0,1.0,240,272,68
hardened_v3_event,100,42,normal_nat_burst,684,240,0.6181666176027198,0.6882109626941628,0,2,238,272,0.0,0.0,0.0,0.8744561887254902,0.8892051229602517,0.008333333333333333,0.008333333333333333,0.004166666666666667,0.0,0.0,0.0,5.0,1.0,240,272,68
sequence_model_v5,100,42,normal_nat_burst,684,240,0.6181666176027198,0.6882109626941628,25,3,237,247,0.8928571428571429,0.09191176470588236,0.16666666666666669,0.8511182598039216,0.840743788898678,0.0125,0.025,0.004166666666666667,0.3088235294117647,0.11764705882352941,0.25,5.0,1.0,240,272,68
hardened_v3_event,100,43,normal_staggered,684,240,0.6833873613953669,0.7563203528449411,0,0,240,272,0.0,0.0,0.0,0.6478477328431371,0.6985638592005983,0.0,0.0,0.0,0.0,0.0,0.0,5.0,1.0,240,272,68
sequence_model_v5,100,43,normal_staggered,684,240,0.6833873613953669,0.7563203528449411,7,0,240,265,1.0,0.025735294117647058,0.05017921146953405,0.7659620098039215,0.7989689419330679,0.0,0.0,0.0,0.10294117647058823,0.0,0.10294117647058823,5.0,1.0,240,272,68
hardened_v3_event,100,43,normal_nat_burst,684,240,0.6104057103405629,0.6727353160447052,0,0,240,272,0.0,0.0,0.0,0.8134344362745097,0.8507999832168226,0.0,0.020833333333333332,0.0,0.0,0.0,0.0,5.0,1.0,240,272,68
sequence_model_v5,100,43,normal_nat_burst,684,240,0.6104057103405629,0.6727353160447052,12,0,240,260,1.0,0.04411764705882353,0.08450704225352113,0.8736366421568629,0.8950726803443455,0.0,0.020833333333333332,0.0,0.17647058823529413,0.0,0.17647058823529413,5.0,1.0,240,272,68
hardened_v3_event,100,44,normal_staggered,684,240,0.6508914942321616,0.7023611431359189,0,0,240,272,0.0,0.0,0.0,0.6162837009803921,0.667467053419384,0.0,0.0,0.0,0.0,0.0,0.0,5.0,1.0,240,272,68
sequence_model_v5,100,44,normal_staggered,684,240,0.6508914942321616,0.7023611431359189,16,1,239,256,0.9411764705882353,0.058823529411764705,0.11072664359861592,0.8064644607843137,0.8335084555567019,0.004166666666666667,0.0125,0.0,0.20588235294117646,0.04411764705882353,0.17647058823529413,5.0,1.0,240,272,68
hardened_v3_event,100,44,normal_nat_burst,684,240,0.6212850005238222,0.6816536068580227,0,0,240,272,0.0,0.0,0.0,0.8170726102941177,0.8554803163359035,0.0,0.0,0.0,0.0,0.0,0.0,5.0,1.0,240,272,68
sequence_model_v5,100,44,normal_nat_burst,684,240,0.6212850005238222,0.6816536068580227,20,0,240,252,1.0,0.07352941176470588,0.13698630136986303,0.8782015931372549,0.8917277064420883,0.0,0.004166666666666667,0.0,0.27941176470588236,0.11764705882352941,0.17647058823529413,5.0,1.0,240,272,68
hardened_v3_event,100,45,normal_staggered,684,240,0.653930295575473,0.7310351711956097,0,0,240,272,0.0,0.0,0.0,0.6299249387254902,0.6661385249549588,0.0,0.0,0.0,0.0,0.0,0.0,5.0,1.0,240,272,68
sequence_model_v5,100,45,normal_staggered,684,240,0.653930295575473,0.7310351711956097,12,0,240,260,1.0,0.04411764705882353,0.08450704225352113,0.6956112132352941,0.7475499410199533,0.0,0.0125,0.0,0.17647058823529413,0.0,0.17647058823529413,5.0,1.0,240,272,68
hardened_v3_event,100,45,normal_nat_burst,684,240,0.6712329225474202,0.7206382643205965,0,1,239,272,0.0,0.0,0.0,0.8327512254901961,0.853629961975798,0.004166666666666667,0.004166666666666667,0.0,0.0,0.0,0.0,5.0,1.0,240,272,68
sequence_model_v5,100,45,normal_nat_burst,684,240,0.6712329225474202,0.7206382643205965,2,1,239,270,0.6666666666666666,0.007352941176470588,0.014545454545454547,0.8460477941176471,0.8638478892716901,0.004166666666666667,0.008333333333333333,0.0,0.029411764705882353,0.0,0.029411764705882353,5.0,1.0,240,272,68
hardened_v3_event,100,46,normal_staggered,684,240,0.6279537966493502,0.7081913091890861,0,0,240,272,0.0,0.0,0.0,0.6604626225490196,0.6989679398472217,0.0,0.004166666666666667,0.0,0.0,0.0,0.0,5.0,1.0,240,272,68
sequence_model_v5,100,46,normal_staggered,684,240,0.6279537966493502,0.7081913091890861,14,1,239,258,0.9333333333333333,0.051470588235294115,0.09756097560975609,0.7812882965686275,0.8025299122009721,0.004166666666666667,0.016666666666666666,0.0,0.19117647058823528,0.029411764705882353,0.17647058823529413,5.0,1.0,240,272,68
hardened_v3_event,100,46,normal_nat_burst,684,240,0.648805862319557,0.7118543191186416,0,1,239,272,0.0,0.0,0.0,0.8334482230392157,0.8632228467386904,0.004166666666666667,0.004166666666666667,0.004166666666666667,0.0,0.0,0.0,5.0,1.0,240,272,68
sequence_model_v5,100,46,normal_nat_burst,684,240,0.648805862319557,0.7118543191186416,13,1,239,259,0.9285714285714286,0.04779411764705882,0.09090909090909091,0.8570772058823528,0.8707265397231673,0.004166666666666667,0.004166666666666667,0.004166666666666667,0.19117647058823528,0.014705882352941176,0.17647058823529413,5.0,1.0,240,272,68
hardened_v3_event,500,42,normal_staggered,3564,1200,0.6748192221203332,0.7658873108991224,2,2,1198,270,0.5,0.007352941176470588,0.014492753623188406,0.8065824142156863,0.5858864728824202,0.0016666666666666668,0.0016666666666666668,0.0,0.029411764705882353,0.014705882352941176,0.014705882352941176,5.0,1.0,1200,272,68
sequence_model_v5,500,42,normal_staggered,3564,1200,0.6748192221203332,0.7658873108991224,2,2,1198,270,0.5,0.007352941176470588,0.014492753623188406,0.8064797794117646,0.556701117056663,0.0016666666666666668,0.005833333333333334,0.0,0.029411764705882353,0.014705882352941176,0.014705882352941176,5.0,1.0,1200,272,68
hardened_v3_event,500,42,normal_nat_burst,3564,1200,0.6415989816795615,0.7214689836414844,0,3,1197,272,0.0,0.0,0.0,0.9161871936274508,0.7775697461824458,0.0025,0.0025,0.0,0.0,0.0,0.0,5.0,1.0,1200,272,68
sequence_model_v5,500,42,normal_nat_burst,3564,1200,0.6415989816795615,0.7214689836414844,14,3,1197,258,0.8235294117647058,0.051470588235294115,0.09688581314878893,0.9082414215686275,0.7287328245374126,0.0025,0.009166666666666667,0.0,0.20588235294117646,0.029411764705882353,0.17647058823529413,5.0,1.0,1200,272,68
hardened_v3_event,500,43,normal_staggered,3564,1200,0.6320876424931862,0.7078596333188368,0,4,1196,272,0.0,0.0,0.0,0.7994577205882353,0.5818044027482439,0.0033333333333333335,0.0033333333333333335,0.0008333333333333334,0.0,0.0,0.0,5.0,1.0,1200,272,68
sequence_model_v5,500,43,normal_staggered,3564,1200,0.6320876424931862,0.7078596333188368,13,5,1195,259,0.7222222222222222,0.04779411764705882,0.0896551724137931,0.8020373774509804,0.5427895618205901,0.004166666666666667,0.014166666666666666,0.0008333333333333334,0.17647058823529413,0.014705882352941176,0.17647058823529413,5.0,1.0,1200,272,68
hardened_v3_event,500,43,normal_nat_burst,3564,1200,0.6441382999168782,0.6945958674084843,0,3,1197,272,0.0,0.0,0.0,0.9329656862745099,0.7998944489787891,0.0025,0.0025,0.0008333333333333334,0.0,0.0,0.0,5.0,1.0,1200,272,68
sequence_model_v5,500,43,normal_nat_burst,3564,1200,0.6441382999168782,0.6945958674084843,40,4,1196,232,0.9090909090909091,0.14705882352941177,0.25316455696202533,0.8913388480392158,0.7132339330311952,0.0033333333333333335,0.009166666666666667,0.0008333333333333334,0.4117647058823529,0.23529411764705882,0.35294117647058826,5.0,1.0,1200,272,68
hardened_v3_event,500,44,normal_staggered,3564,1200,0.6948692255271559,0.763479711236539,0,2,1198,272,0.0,0.0,0.0,0.7990533088235294,0.5766303074436911,0.0016666666666666668,0.0016666666666666668,0.0,0.0,0.0,0.0,5.0,1.0,1200,272,68
sequence_model_v5,500,44,normal_staggered,3564,1200,0.6948692255271559,0.763479711236539,0,2,1198,272,0.0,0.0,0.0,0.795030637254902,0.5067171223333954,0.0016666666666666668,0.005,0.0,0.0,0.0,0.0,5.0,1.0,1200,272,68
hardened_v3_event,500,44,normal_nat_burst,3564,1200,0.6362830941897587,0.6997386806546256,0,1,1199,272,0.0,0.0,0.0,0.8926011029411766,0.7623843026623803,0.0008333333333333334,0.0008333333333333334,0.0,0.0,0.0,0.0,5.0,1.0,1200,272,68
sequence_model_v5,500,44,normal_nat_burst,3564,1200,0.6362830941897587,0.6997386806546256,39,1,1199,233,0.975,0.14338235294117646,0.24999999999999994,0.9003155637254903,0.7501685595703179,0.0008333333333333334,0.01,0.0,0.38235294117647056,0.20588235294117646,0.35294117647058826,5.0,1.0,1200,272,68
hardened_v3_event,500,45,normal_staggered,3564,1200,0.6411286236505462,0.7197728386155648,0,1,1199,272,0.0,0.0,0.0,0.7960661764705883,0.5708709938718248,0.0008333333333333334,0.0008333333333333334,0.0,0.0,0.0,0.0,5.0,1.0,1200,272,68
sequence_model_v5,500,45,normal_staggered,3564,1200,0.6411286236505462,0.7197728386155648,12,1,1199,260,0.9230769230769231,0.04411764705882353,0.08421052631578949,0.8125888480392158,0.5565022671106744,0.0008333333333333334,0.0075,0.0,0.17647058823529413,0.0,0.17647058823529413,5.0,1.0,1200,272,68
hardened_v3_event,500,45,normal_nat_burst,3564,1200,0.6342933277998254,0.702849870748353,0,3,1197,272,0.0,0.0,0.0,0.9231265318627451,0.795842566010753,0.0025,0.0025,0.0,0.0,0.0,0.0,5.0,1.0,1200,272,68
sequence_model_v5,500,45,normal_nat_burst,3564,1200,0.6342933277998254,0.702849870748353,37,5,1195,235,0.8809523809523809,0.13602941176470587,0.2356687898089172,0.886188725490196,0.7169372962803091,0.004166666666666667,0.0125,0.0,0.38235294117647056,0.20588235294117646,0.3235294117647059,5.0,1.0,1200,272,68
hardened_v3_event,500,46,normal_staggered,3564,1200,0.666943258337217,0.7315446402390172,0,2,1198,272,0.0,0.0,0.0,0.8062775735294119,0.6095168824784251,0.0016666666666666668,0.004166666666666667,0.0,0.0,0.0,0.0,5.0,1.0,1200,272,68
sequence_model_v5,500,46,normal_staggered,3564,1200,0.666943258337217,0.7315446402390172,13,3,1197,259,0.8125,0.04779411764705882,0.09027777777777778,0.784701286764706,0.4993914638615585,0.0025,0.010833333333333334,0.0,0.19117647058823528,0.014705882352941176,0.17647058823529413,5.0,1.0,1200,272,68
hardened_v3_event,500,46,normal_nat_burst,3564,1200,0.6358823507126451,0.7080391514924798,0,1,1199,272,0.0,0.0,0.0,0.9103538602941176,0.7826260499087894,0.0008333333333333334,0.0008333333333333334,0.0,0.0,0.0,0.0,5.0,1.0,1200,272,68
sequence_model_v5,500,46,normal_nat_burst,3564,1200,0.6358823507126451,0.7080391514924798,16,2,1198,256,0.8888888888888888,0.058823529411764705,0.1103448275862069,0.8774142156862746,0.7201553415177174,0.0016666666666666668,0.006666666666666667,0.0,0.23529411764705882,0.058823529411764705,0.17647058823529413,5.0,1.0,1200,272,68
hardened_v3_event,1000,42,normal_staggered,7164,2400,0.67137950698516,0.7544122750090836,0,8,2392,272,0.0,0.0,0.0,0.7492746629901961,0.38412199652321244,0.0033333333333333335,0.00375,0.00125,0.0,0.0,0.0,5.0,1.0,2400,272,68
sequence_model_v5,1000,42,normal_staggered,7164,2400,0.67137950698516,0.7544122750090836,12,10,2390,260,0.5454545454545454,0.04411764705882353,0.0816326530612245,0.8004610906862745,0.322472472408307,0.004166666666666667,0.012083333333333333,0.00125,0.17647058823529413,0.0,0.17647058823529413,5.0,1.0,2400,272,68
hardened_v3_event,1000,42,normal_nat_burst,7164,2400,0.6181598304029973,0.6893796125298313,0,3,2397,272,0.0,0.0,0.0,0.8922656250000001,0.6267922896886821,0.00125,0.00125,0.0004166666666666667,0.0,0.0,0.0,5.0,1.0,2400,272,68
sequence_model_v5,1000,42,normal_nat_burst,7164,2400,0.6181598304029973,0.6893796125298313,20,7,2393,252,0.7407407407407407,0.07352941176470588,0.13377926421404682,0.8697579656862746,0.5245283062234067,0.002916666666666667,0.014583333333333334,0.0004166666666666667,0.25,0.058823529411764705,0.19117647058823528,5.0,1.0,2400,272,68
hardened_v3_event,1000,43,normal_staggered,7164,2400,0.6590378789879845,0.7478423830857484,1,2,2398,271,0.3333333333333333,0.003676470588235294,0.007272727272727274,0.8265134803921569,0.50257595895257,0.0008333333333333334,0.0016666666666666668,0.0004166666666666667,0.014705882352941176,0.014705882352941176,0.0,5.0,1.0,2400,272,68
sequence_model_v5,1000,43,normal_staggered,7164,2400,0.6590378789879845,0.7478423830857484,13,4,2396,259,0.7647058823529411,0.04779411764705882,0.08996539792387542,0.7667516850490197,0.3531486495088786,0.0016666666666666668,0.010416666666666666,0.0004166666666666667,0.19117647058823528,0.014705882352941176,0.17647058823529413,5.0,1.0,2400,272,68
hardened_v3_event,1000,43,normal_nat_burst,7164,2400,0.6541249114960705,0.7212363933341327,0,6,2394,272,0.0,0.0,0.0,0.9113304227941177,0.6647993536281476,0.0025,0.0025,0.0008333333333333334,0.0,0.0,0.0,5.0,1.0,2400,272,68
sequence_model_v5,1000,43,normal_nat_burst,7164,2400,0.6541249114960705,0.7212363933341327,2,7,2393,270,0.2222222222222222,0.007352941176470588,0.014234875444839857,0.886859681372549,0.563967135158319,0.002916666666666667,0.006666666666666667,0.0008333333333333334,0.029411764705882353,0.014705882352941176,0.014705882352941176,5.0,1.0,2400,272,68
hardened_v3_event,1000,44,normal_staggered,7164,2400,0.6604108767264432,0.7354815759203504,0,5,2395,272,0.0,0.0,0.0,0.769227175245098,0.4105184352996709,0.0020833333333333333,0.0020833333333333333,0.00125,0.0,0.0,0.0,5.0,1.0,2400,272,68
sequence_model_v5,1000,44,normal_staggered,7164,2400,0.6604108767264432,0.7354815759203504,12,5,2395,260,0.7058823529411765,0.04411764705882353,0.08304498269896195,0.8106150428921568,0.37922841987458383,0.0020833333333333333,0.005833333333333334,0.00125,0.17647058823529413,0.0,0.17647058823529413,5.0,1.0,2400,272,68
hardened_v3_event,1000,44,normal_nat_burst,7164,2400,0.6346988704689531,0.7228859038913911,0,8,2392,272,0.0,0.0,0.0,0.8982276348039216,0.6282626218877436,0.0033333333333333335,0.0033333333333333335,0.0004166666666666667,0.0,0.0,0.0,5.0,1.0,2400,272,68
sequence_model_v5,1000,44,normal_nat_burst,7164,2400,0.6346988704689531,0.7228859038913911,24,8,2392,248,0.75,0.08823529411764706,0.15789473684210525,0.8944638480392156,0.5938885485019066,0.0033333333333333335,0.0075,0.0004166666666666667,0.3235294117647059,0.1323529411764706,0.22058823529411764,5.0,1.0,2400,272,68
hardened_v3_event,1000,45,normal_staggered,7164,2400,0.6796091269860606,0.745346771466246,1,1,2399,271,0.5,0.003676470588235294,0.0072992700729927005,0.8313304227941176,0.5111879960559799,0.0004166666666666667,0.0004166666666666667,0.0,0.014705882352941176,0.0,0.014705882352941176,5.0,1.0,2400,272,68
sequence_model_v5,1000,45,normal_staggered,7164,2400,0.6796091269860606,0.745346771466246,1,2,2398,271,0.3333333333333333,0.003676470588235294,0.007272727272727274,0.7760393688725491,0.3529645109291931,0.0008333333333333334,0.004166666666666667,0.0,0.014705882352941176,0.0,0.014705882352941176,5.0,1.0,2400,272,68
hardened_v3_event,1000,45,normal_nat_burst,7164,2400,0.6382663406490127,0.7012521834913505,0,4,2396,272,0.0,0.0,0.0,0.8788066789215686,0.588831656795471,0.0016666666666666668,0.0016666666666666668,0.0,0.0,0.0,0.0,5.0,1.0,2400,272,68
sequence_model_v5,1000,45,normal_nat_burst,7164,2400,0.6382663406490127,0.7012521834913505,12,5,2395,260,0.7058823529411765,0.04411764705882353,0.08304498269896195,0.8655070465686274,0.5489160393615928,0.0020833333333333333,0.00875,0.0,0.17647058823529413,0.0,0.17647058823529413,5.0,1.0,2400,272,68
hardened_v3_event,1000,46,normal_staggered,7164,2400,0.672429630712937,0.7553261738746451,0,0,2400,272,0.0,0.0,0.0,0.7623636642156861,0.445007803310023,0.0,0.0,0.0,0.0,0.0,0.0,5.0,1.0,2400,272,68
sequence_model_v5,1000,46,normal_staggered,7164,2400,0.672429630712937,0.7553261738746451,12,0,2400,260,1.0,0.04411764705882353,0.08450704225352113,0.7789698223039214,0.3834354009745276,0.0,0.005416666666666667,0.0,0.17647058823529413,0.0,0.17647058823529413,5.0,1.0,2400,272,68
hardened_v3_event,1000,46,normal_nat_burst,7164,2400,0.6301519199980311,0.6939725386319948,0,6,2394,272,0.0,0.0,0.0,0.8802098651960785,0.5940353515425738,0.0025,0.0025,0.0,0.0,0.0,0.0,5.0,1.0,2400,272,68
sequence_model_v5,1000,46,normal_nat_burst,7164,2400,0.6301519199980311,0.6939725386319948,16,6,2394,256,0.7272727272727273,0.058823529411764705,0.10884353741496598,0.8695802696078433,0.548076075832742,0.0025,0.007916666666666667,0.0,0.23529411764705882,0.058823529411764705,0.17647058823529413,5.0,1.0,2400,272,68
hardened_v3_event,5000,42,normal_staggered,35964,12000,0.6696069968798543,0.7506395781854232,0,18,11982,272,0.0,0.0,0.0,0.719100643382353,0.13411847000301602,0.0015,0.0020833333333333333,0.0005,0.0,0.0,0.0,5.0,1.0,12000,272,68
sequence_model_v5,5000,42,normal_staggered,35964,12000,0.6696069968798543,0.7506395781854232,12,23,11977,260,0.34285714285714286,0.04411764705882353,0.07817589576547232,0.8138417585784312,0.12675810674931934,0.0019166666666666666,0.009916666666666667,0.0005,0.17647058823529413,0.0,0.17647058823529413,5.0,1.0,12000,272,68
hardened_v3_event,5000,42,normal_nat_burst,35964,12000,0.6480154179663534,0.7183400507855091,0,23,11977,272,0.0,0.0,0.0,0.917795955882353,0.429067882365303,0.0019166666666666666,0.0019166666666666666,0.00016666666666666666,0.0,0.0,0.0,5.0,1.0,12000,272,68
sequence_model_v5,5000,42,normal_nat_burst,35964,12000,0.6480154179663534,0.7183400507855091,15,24,11976,257,0.38461538461538464,0.05514705882352941,0.09646302250803859,0.874716911764706,0.2283168468779437,0.002,0.008083333333333333,0.00016666666666666666,0.22058823529411764,0.04411764705882353,0.17647058823529413,5.0,1.0,12000,272,68
hardened_v3_event,5000,43,normal_staggered,35964,12000,0.6662835807813638,0.7436853137606464,0,17,11983,272,0.0,0.0,0.0,0.7965859375,0.22420495850817818,0.0014166666666666668,0.0015833333333333333,0.0004166666666666667,0.0,0.0,0.0,5.0,1.0,12000,272,68
sequence_model_v5,5000,43,normal_staggered,35964,12000,0.6662835807813638,0.7436853137606464,12,20,11980,260,0.375,0.04411764705882353,0.07894736842105263,0.7822896752450981,0.11062639141246758,0.0016666666666666668,0.009,0.0004166666666666667,0.17647058823529413,0.0,0.17647058823529413,5.0,1.0,12000,272,68
hardened_v3_event,5000,43,normal_nat_burst,35964,12000,0.6439540598487721,0.718730523283044,0,23,11977,272,0.0,0.0,0.0,0.9068477328431372,0.40274300240163075,0.0019166666666666666,0.0019166666666666666,0.0004166666666666667,0.0,0.0,0.0,5.0,1.0,12000,272,68
sequence_model_v5,5000,43,normal_nat_burst,35964,12000,0.6439540598487721,0.718730523283044,15,30,11970,257,0.3333333333333333,0.05514705882352941,0.0946372239747634,0.8648098958333332,0.25742783263156543,0.0025,0.0075,0.0004166666666666667,0.22058823529411764,0.04411764705882353,0.17647058823529413,5.0,1.0,12000,272,68
hardened_v3_event,5000,44,normal_staggered,35964,12000,0.6611845361928186,0.7392472809029504,2,19,11981,270,0.09523809523809523,0.007352941176470588,0.0136518771331058,0.7847840073529411,0.17700913617508207,0.0015833333333333333,0.0015833333333333333,0.00025,0.029411764705882353,0.014705882352941176,0.014705882352941176,5.0,1.0,12000,272,68
sequence_model_v5,5000,44,normal_staggered,35964,12000,0.6611845361928186,0.7392472809029504,13,22,11978,259,0.37142857142857144,0.04779411764705882,0.08469055374592833,0.799446231617647,0.1320782971120284,0.0018333333333333333,0.00775,0.00025,0.19117647058823528,0.014705882352941176,0.17647058823529413,5.0,1.0,12000,272,68
hardened_v3_event,5000,44,normal_nat_burst,35964,12000,0.6442715535131086,0.7151851715704023,0,16,11984,272,0.0,0.0,0.0,0.8994018075980392,0.37921788586368765,0.0013333333333333333,0.0013333333333333333,0.0005833333333333334,0.0,0.0,0.0,5.0,1.0,12000,272,68
sequence_model_v5,5000,44,normal_nat_burst,35964,12000,0.6442715535131086,0.7151851715704023,27,17,11983,245,0.6136363636363636,0.09926470588235294,0.17088607594936708,0.8700937500000001,0.26952104483211675,0.0014166666666666668,0.00875,0.0005833333333333334,0.3088235294117647,0.10294117647058823,0.29411764705882354,5.0,1.0,12000,272,68
hardened_v3_event,5000,45,normal_staggered,35964,12000,0.6633718304457723,0.735714758722981,0,20,11980,272,0.0,0.0,0.0,0.7489375,0.1462109986245706,0.0016666666666666668,0.0018333333333333333,0.0008333333333333334,0.0,0.0,0.0,5.0,1.0,12000,272,68
sequence_model_v5,5000,45,normal_staggered,35964,12000,0.6633718304457723,0.735714758722981,12,27,11973,260,0.3076923076923077,0.04411764705882353,0.07717041800643087,0.7346597732843138,0.09479185221289882,0.00225,0.009083333333333334,0.0008333333333333334,0.17647058823529413,0.0,0.17647058823529413,5.0,1.0,12000,272,68
hardened_v3_event,5000,45,normal_nat_burst,35964,12000,0.6483235442643946,0.7179222802523892,0,12,11988,272,0.0,0.0,0.0,0.9059148284313725,0.4227143166290068,0.001,0.001,0.00016666666666666666,0.0,0.0,0.0,5.0,1.0,12000,272,68
sequence_model_v5,5000,45,normal_nat_burst,35964,12000,0.6483235442643946,0.7179222802523892,13,19,11981,259,0.40625,0.04779411764705882,0.08552631578947369,0.8697846200980394,0.25196279566607377,0.0015833333333333333,0.007333333333333333,0.00016666666666666666,0.19117647058823528,0.014705882352941176,0.17647058823529413,5.0,1.0,12000,272,68
hardened_v3_event,5000,46,normal_staggered,35964,12000,0.6685180442858873,0.7448317249638069,0,15,11985,272,0.0,0.0,0.0,0.7945329350490196,0.17594886924557698,0.00125,0.0013333333333333333,0.00025,0.0,0.0,0.0,5.0,1.0,12000,272,68
sequence_model_v5,5000,46,normal_staggered,35964,12000,0.6685180442858873,0.7448317249638069,12,23,11977,260,0.34285714285714286,0.04411764705882353,0.07817589576547232,0.8044767156862744,0.11699066853381777,0.0019166666666666666,0.007333333333333333,0.00025,0.17647058823529413,0.0,0.17647058823529413,5.0,1.0,12000,272,68
hardened_v3_event,5000,46,normal_nat_burst,35964,12000,0.6467955157044063,0.724180944868076,0,16,11984,272,0.0,0.0,0.0,0.8958932291666666,0.38168333247923353,0.0013333333333333333,0.0013333333333333333,0.00025,0.0,0.0,0.0,5.0,1.0,12000,272,68
sequence_model_v5,5000,46,normal_nat_burst,35964,12000,0.6467955157044063,0.724180944868076,18,25,11975,254,0.4186046511627907,0.0661764705882353,0.1142857142857143,0.8543333333333334,0.24588544650784855,0.0020833333333333333,0.00875,0.00025,0.2647058823529412,0.014705882352941176,0.25,5.0,1.0,12000,272,68
