stage,dataset_size,seed,normal_scenario,challenge_threshold,normal_fit_count,attack_fit_count,normal_calibration_count,attack_calibration_count,validation_fpr,validation_sequence_detection,validation_preobjective_detection,tp,fp,tn,fn,precision,event_challenge_recall,f1,roc_auc,pr_auc,challenge_fpr,warn_fpr,block_fpr,sequence_detection_rate,preobjective_detection_rate,objective_detection_rate,median_time_to_detect_phase,flagged_poison_rejection_rate,normal_count,attack_phase_count,attack_sequence_count
hardened_v3_event,10,42,normal_staggered,0.7010718395477129,540,272,528,272,0.0,1.0,1.0,0,0,24,272,0.0,0.0,0.0,0.6641390931372548,0.9561031108192054,0.0,0.041666666666666664,0.0,0.0,0.0,0.0,5.0,1.0,24,272,68
supervised_sequence_v6,10,42,normal_staggered,0.7010718395477129,540,272,528,272,0.0,1.0,1.0,253,0,24,19,1.0,0.9301470588235294,0.9638095238095238,0.9975490196078431,0.9997825221790706,0.0,0.041666666666666664,0.0,1.0,1.0,1.0,1.0,1.0,24,272,68
hardened_v3_event,10,42,normal_nat_burst,0.7206036204974078,540,272,528,272,0.0,1.0,1.0,4,0,24,268,1.0,0.014705882352941176,0.028985507246376812,0.7575827205882353,0.9718433057015207,0.0,0.0,0.0,0.058823529411764705,0.014705882352941176,0.04411764705882353,5.0,1.0,24,272,68
supervised_sequence_v6,10,42,normal_nat_burst,0.7206036204974078,540,272,528,272,0.0,1.0,1.0,250,0,24,22,1.0,0.9191176470588235,0.9578544061302682,1.0,1.0,0.0,0.0,0.0,1.0,1.0,1.0,1.0,1.0,24,272,68
hardened_v3_event,10,43,normal_staggered,0.7696621667060307,540,272,528,272,0.0,1.0,1.0,3,0,24,269,1.0,0.011029411764705883,0.02181818181818182,0.6201746323529411,0.9427969587446391,0.0,0.0,0.0,0.04411764705882353,0.0,0.04411764705882353,5.0,1.0,24,272,68
supervised_sequence_v6,10,43,normal_staggered,0.7696621667060307,540,272,528,272,0.0,1.0,1.0,254,0,24,18,1.0,0.9338235294117647,0.9657794676806084,0.9929534313725491,0.999317374759938,0.0,0.0,0.0,1.0,1.0,1.0,1.0,1.0,24,272,68
hardened_v3_event,10,43,normal_nat_burst,0.7293519984520485,540,272,528,272,0.0,1.0,1.0,3,0,24,269,1.0,0.011029411764705883,0.02181818181818182,0.753140318627451,0.9719707223120272,0.0,0.0,0.0,0.04411764705882353,0.0,0.04411764705882353,5.0,1.0,24,272,68
supervised_sequence_v6,10,43,normal_nat_burst,0.7293519984520485,540,272,528,272,0.0,1.0,1.0,250,0,24,22,1.0,0.9191176470588235,0.9578544061302682,0.9980085784313726,0.9998249761865585,0.0,0.0,0.0,1.0,1.0,1.0,1.0,1.0,24,272,68
hardened_v3_event,10,44,normal_staggered,0.7840318148586906,540,272,528,272,0.0,1.0,1.0,5,0,24,267,1.0,0.01838235294117647,0.03610108303249098,0.7110140931372549,0.9590867549805213,0.0,0.08333333333333333,0.0,0.07352941176470588,0.029411764705882353,0.04411764705882353,5.0,1.0,24,272,68
supervised_sequence_v6,10,44,normal_staggered,0.7840318148586906,540,272,528,272,0.0,1.0,1.0,249,0,24,23,1.0,0.9154411764705882,0.9558541266794625,0.9990042892156862,0.9998923513347998,0.0,0.08333333333333333,0.0,1.0,1.0,1.0,1.0,1.0,24,272,68
hardened_v3_event,10,44,normal_nat_burst,0.7157331357246641,540,272,528,272,0.0,1.0,1.0,2,0,24,270,1.0,0.007352941176470588,0.014598540145985401,0.7261795343137255,0.9678439778132352,0.0,0.0,0.0,0.029411764705882353,0.0,0.029411764705882353,5.0,1.0,24,272,68
supervised_sequence_v6,10,44,normal_nat_burst,0.7157331357246641,540,272,528,272,0.0,1.0,1.0,246,0,24,26,1.0,0.9044117647058824,0.9498069498069499,0.9998468137254902,0.9999730661495367,0.0,0.0,0.0,1.0,1.0,1.0,1.0,1.0,24,272,68
hardened_v3_event,10,45,normal_staggered,0.6385779285340797,540,272,528,272,0.0,1.0,1.0,6,0,24,266,1.0,0.022058823529411766,0.04316546762589929,0.7050398284313726,0.9593865675174652,0.0,0.0,0.0,0.07352941176470588,0.029411764705882353,0.058823529411764705,5.0,1.0,24,272,68
supervised_sequence_v6,10,45,normal_staggered,0.6385779285340797,540,272,528,272,0.0,1.0,1.0,258,0,24,14,1.0,0.9485294117647058,0.9735849056603774,0.9985447303921569,0.9998272521472289,0.0,0.0,0.0,1.0,1.0,1.0,1.0,1.0,24,272,68
hardened_v3_event,10,45,normal_nat_burst,0.6425793553485565,540,272,528,272,0.0,1.0,1.0,5,0,24,267,1.0,0.01838235294117647,0.03610108303249098,0.8202359068627451,0.9780643527829017,0.0,0.0,0.0,0.07352941176470588,0.0,0.07352941176470588,5.0,1.0,24,272,68
supervised_sequence_v6,10,45,normal_nat_burst,0.6425793553485565,540,272,528,272,0.0,1.0,1.0,256,0,24,16,1.0,0.9411764705882353,0.9696969696969697,0.9987745098039216,0.999869628702545,0.0,0.0,0.0,1.0,1.0,1.0,1.0,1.0,24,272,68
hardened_v3_event,10,46,normal_staggered,0.7719172266111913,540,272,528,272,0.0,1.0,1.0,1,0,24,271,1.0,0.003676470588235294,0.007326007326007326,0.728936887254902,0.9642476986466421,0.0,0.0,0.0,0.014705882352941176,0.0,0.014705882352941176,5.0,1.0,24,272,68
supervised_sequence_v6,10,46,normal_staggered,0.7719172266111913,540,272,528,272,0.0,1.0,1.0,251,0,24,21,1.0,0.9227941176470589,0.9598470363288719,1.0,1.0,0.0,0.0,0.0,1.0,1.0,1.0,1.0,1.0,24,272,68
hardened_v3_event,10,46,normal_nat_burst,0.7513339180734762,540,272,528,272,0.0,1.0,1.0,3,0,24,269,1.0,0.011029411764705883,0.02181818181818182,0.8202359068627451,0.9781914059136856,0.0,0.0,0.0,0.04411764705882353,0.0,0.04411764705882353,5.0,1.0,24,272,68
supervised_sequence_v6,10,46,normal_nat_burst,0.7513339180734762,540,272,528,272,0.0,1.0,1.0,253,0,24,19,1.0,0.9301470588235294,0.9638095238095238,1.0,1.0,0.0,0.0,0.0,1.0,1.0,1.0,1.0,1.0,24,272,68
hardened_v3_event,50,42,normal_staggered,0.5987996043804066,3708,272,3504,272,0.0008561643835616438,1.0,1.0,0,0,120,272,0.0,0.0,0.0,0.6773131127450981,0.8252656988743285,0.0,0.016666666666666666,0.0,0.0,0.0,0.0,5.0,1.0,120,272,68
supervised_sequence_v6,50,42,normal_staggered,0.5987996043804066,3708,272,3504,272,0.0008561643835616438,1.0,1.0,237,1,119,35,0.9957983193277311,0.8713235294117647,0.9294117647058823,0.9957107843137255,0.9980569783807365,0.008333333333333333,0.025,0.0,1.0,1.0,0.9705882352941176,1.0,1.0,120,272,68
hardened_v3_event,50,42,normal_nat_burst,0.6204350989023963,3708,272,3504,272,0.0008561643835616438,1.0,1.0,0,0,120,272,0.0,0.0,0.0,0.9171568627450981,0.9609269385950158,0.0,0.008333333333333333,0.0,0.0,0.0,0.0,5.0,1.0,120,272,68
supervised_sequence_v6,50,42,normal_nat_burst,0.6204350989023963,3708,272,3504,272,0.0008561643835616438,1.0,1.0,242,0,120,30,1.0,0.8897058823529411,0.9416342412451362,0.9989430147058823,0.9995246398781064,0.0,0.008333333333333333,0.0,1.0,1.0,0.9852941176470589,1.0,1.0,120,272,68
hardened_v3_event,50,43,normal_staggered,0.5702498300468106,3708,272,3504,272,0.0008561643835616438,1.0,0.9852941176470589,0,0,120,272,0.0,0.0,0.0,0.8002757352941177,0.8830010752367167,0.0,0.008333333333333333,0.0,0.0,0.0,0.0,5.0,1.0,120,272,68
supervised_sequence_v6,50,43,normal_staggered,0.5702498300468106,3708,272,3504,272,0.0008561643835616438,1.0,0.9852941176470589,245,0,120,27,1.0,0.9007352941176471,0.9477756286266924,0.9973345588235294,0.9987680689775563,0.0,0.008333333333333333,0.0,1.0,0.9852941176470589,0.9411764705882353,1.0,1.0,120,272,68
hardened_v3_event,50,43,normal_nat_burst,0.7234061192948403,3708,272,3504,272,0.0008561643835616438,1.0,1.0,0,0,120,272,0.0,0.0,0.0,0.9036917892156864,0.9522825455283513,0.0,0.0,0.0,0.0,0.0,0.0,5.0,1.0,120,272,68
supervised_sequence_v6,50,43,normal_nat_burst,0.7234061192948403,3708,272,3504,272,0.0008561643835616438,1.0,1.0,238,0,120,34,1.0,0.875,0.9333333333333333,0.9986979166666666,0.9993923964225613,0.0,0.0,0.0,1.0,1.0,0.9264705882352942,1.0,1.0,120,272,68
hardened_v3_event,50,44,normal_staggered,0.6916092076878171,3708,272,3504,272,0.0008561643835616438,0.9852941176470589,0.9852941176470589,0,0,120,272,0.0,0.0,0.0,0.7117493872549019,0.8380765355964219,0.0,0.008333333333333333,0.0,0.0,0.0,0.0,5.0,1.0,120,272,68
supervised_sequence_v6,50,44,normal_staggered,0.6916092076878171,3708,272,3504,272,0.0008561643835616438,0.9852941176470589,0.9852941176470589,224,0,120,48,1.0,0.8235294117647058,0.9032258064516129,0.9932138480392158,0.9972116415119573,0.0,0.008333333333333333,0.0,0.9852941176470589,0.9852941176470589,0.9264705882352942,1.0,1.0,120,272,68
hardened_v3_event,50,44,normal_nat_burst,0.548982791817054,3708,272,3504,272,0.0008561643835616438,1.0,1.0,0,0,120,272,0.0,0.0,0.0,0.9319240196078431,0.9670521557089443,0.0,0.0,0.0,0.0,0.0,0.0,5.0,1.0,120,272,68
supervised_sequence_v6,50,44,normal_nat_burst,0.548982791817054,3708,272,3504,272,0.0008561643835616438,1.0,1.0,251,0,120,21,1.0,0.9227941176470589,0.9598470363288719,0.998406862745098,0.9993529739515903,0.0,0.0,0.0,1.0,1.0,0.9852941176470589,1.0,1.0,120,272,68
hardened_v3_event,50,45,normal_staggered,0.7068785961001457,3708,272,3504,272,0.0008561643835616438,0.9852941176470589,0.9852941176470589,1,0,120,271,1.0,0.003676470588235294,0.007326007326007326,0.7154564950980392,0.8513109355120315,0.0,0.0,0.0,0.014705882352941176,0.0,0.014705882352941176,5.0,1.0,120,272,68
supervised_sequence_v6,50,45,normal_staggered,0.7068785961001457,3708,272,3504,272,0.0008561643835616438,0.9852941176470589,0.9852941176470589,220,0,120,52,1.0,0.8088235294117647,0.8943089430894309,0.9964001225490197,0.998416244310684,0.0,0.0,0.0,0.9852941176470589,0.9852941176470589,0.9117647058823529,1.0,1.0,120,272,68
hardened_v3_event,50,45,normal_nat_burst,0.6056973001298146,3708,272,3504,272,0.0008561643835616438,1.0,1.0,0,0,120,272,0.0,0.0,0.0,0.9203125,0.9615948706193658,0.0,0.0,0.0,0.0,0.0,0.0,5.0,1.0,120,272,68
supervised_sequence_v6,50,45,normal_nat_burst,0.6056973001298146,3708,272,3504,272,0.0008561643835616438,1.0,1.0,244,0,120,28,1.0,0.8970588235294118,0.9457364341085273,0.9987591911764706,0.9994235155670983,0.0,0.0,0.0,1.0,1.0,0.9558823529411765,1.0,1.0,120,272,68
hardened_v3_event,50,46,normal_staggered,0.6586325163669563,3708,272,3504,272,0.0008561643835616438,1.0,1.0,0,1,119,272,0.0,0.0,0.0,0.7157015931372548,0.8240092048201786,0.008333333333333333,0.025,0.0,0.0,0.0,0.0,5.0,1.0,120,272,68
supervised_sequence_v6,50,46,normal_staggered,0.6586325163669563,3708,272,3504,272,0.0008561643835616438,1.0,1.0,234,1,119,38,0.9957446808510638,0.8602941176470589,0.9230769230769231,0.9913143382352941,0.9965735419758313,0.008333333333333333,0.025,0.0,1.0,1.0,0.9852941176470589,1.0,1.0,120,272,68
hardened_v3_event,50,46,normal_nat_burst,0.5805429354367343,3708,272,3504,272,0.0008561643835616438,1.0,1.0,0,0,120,272,0.0,0.0,0.0,0.9111366421568626,0.9565046841310116,0.0,0.0,0.0,0.0,0.0,0.0,5.0,1.0,120,272,68
supervised_sequence_v6,50,46,normal_nat_burst,0.5805429354367343,3708,272,3504,272,0.0008561643835616438,1.0,1.0,246,0,120,26,1.0,0.9044117647058824,0.9498069498069499,0.9989276960784313,0.9995360475146107,0.0,0.0,0.0,1.0,1.0,0.9558823529411765,1.0,1.0,120,272,68
hardened_v3_event,100,42,normal_staggered,0.4384410071391955,7668,272,7224,272,0.0009689922480620155,1.0,1.0,1,0,240,271,1.0,0.003676470588235294,0.007326007326007326,0.6725413602941177,0.7093922924490093,0.0,0.0,0.0,0.014705882352941176,0.014705882352941176,0.0,5.0,1.0,240,272,68
supervised_sequence_v6,100,42,normal_staggered,0.4384410071391955,7668,272,7224,272,0.0009689922480620155,1.0,1.0,258,3,237,14,0.9885057471264368,0.9485294117647058,0.9681050656660412,0.9956188725490197,0.9968021586064356,0.0125,0.0125,0.0,1.0,1.0,1.0,1.0,1.0,240,272,68
hardened_v3_event,100,42,normal_nat_burst,0.5173577211439219,7668,272,7224,272,0.0009689922480620155,1.0,1.0,0,2,238,272,0.0,0.0,0.0,0.8744561887254902,0.8892051229602517,0.008333333333333333,0.008333333333333333,0.004166666666666667,0.0,0.0,0.0,5.0,1.0,240,272,68
supervised_sequence_v6,100,42,normal_nat_burst,0.5173577211439219,7668,272,7224,272,0.0009689922480620155,1.0,1.0,247,2,238,25,0.9919678714859438,0.9080882352941176,0.948176583493282,0.993688725490196,0.9940867623204226,0.008333333333333333,0.008333333333333333,0.004166666666666667,1.0,1.0,0.9264705882352942,1.0,1.0,240,272,68
hardened_v3_event,100,43,normal_staggered,0.5052412762440603,7668,272,7224,272,0.0009689922480620155,1.0,1.0,0,0,240,272,0.0,0.0,0.0,0.6478477328431371,0.6985638592005983,0.0,0.0,0.0,0.0,0.0,0.0,5.0,1.0,240,272,68
supervised_sequence_v6,100,43,normal_staggered,0.5052412762440603,7668,272,7224,272,0.0009689922480620155,1.0,1.0,243,2,238,29,0.9918367346938776,0.8933823529411765,0.9400386847195358,0.9931219362745097,0.994295155385378,0.008333333333333333,0.008333333333333333,0.0,1.0,1.0,0.9852941176470589,1.0,1.0,240,272,68
hardened_v3_event,100,43,normal_nat_burst,0.5179563215117274,7668,272,7224,272,0.0009689922480620155,1.0,1.0,0,0,240,272,0.0,0.0,0.0,0.8134344362745097,0.8507999832168226,0.0,0.020833333333333332,0.0,0.0,0.0,0.0,5.0,1.0,240,272,68
supervised_sequence_v6,100,43,normal_nat_burst,0.5179563215117274,7668,272,7224,272,0.0009689922480620155,1.0,1.0,248,0,240,24,1.0,0.9117647058823529,0.9538461538461539,0.9988204656862746,0.9989993473271062,0.0,0.020833333333333332,0.0,1.0,1.0,0.9852941176470589,1.0,1.0,240,272,68
hardened_v3_event,100,44,normal_staggered,0.5887809368645275,7668,272,7224,272,0.0009689922480620155,1.0,0.9852941176470589,0,0,240,272,0.0,0.0,0.0,0.6162837009803921,0.667467053419384,0.0,0.0,0.0,0.0,0.0,0.0,5.0,1.0,240,272,68
supervised_sequence_v6,100,44,normal_staggered,0.5887809368645275,7668,272,7224,272,0.0009689922480620155,1.0,0.9852941176470589,237,0,240,35,1.0,0.8713235294117647,0.9312377210216111,0.9962928921568627,0.9969916751079646,0.0,0.0,0.0,1.0,0.9852941176470589,0.9852941176470589,1.0,1.0,240,272,68
hardened_v3_event,100,44,normal_nat_burst,0.4900867564867863,7668,272,7224,272,0.0009689922480620155,1.0,1.0,0,0,240,272,0.0,0.0,0.0,0.8170726102941177,0.8554803163359035,0.0,0.0,0.0,0.0,0.0,0.0,5.0,1.0,240,272,68
supervised_sequence_v6,100,44,normal_nat_burst,0.4900867564867863,7668,272,7224,272,0.0009689922480620155,1.0,1.0,253,0,240,19,1.0,0.9301470588235294,0.9638095238095238,0.997579656862745,0.9980437142487406,0.0,0.0,0.0,1.0,1.0,0.9852941176470589,1.0,1.0,240,272,68
hardened_v3_event,100,45,normal_staggered,0.5689021661013927,7668,272,7224,272,0.0009689922480620155,1.0,1.0,0,0,240,272,0.0,0.0,0.0,0.6299249387254902,0.6661385249549588,0.0,0.0,0.0,0.0,0.0,0.0,5.0,1.0,240,272,68
supervised_sequence_v6,100,45,normal_staggered,0.5689021661013927,7668,272,7224,272,0.0009689922480620155,1.0,1.0,241,5,235,31,0.9796747967479674,0.8860294117647058,0.9305019305019304,0.9919041053921569,0.9931494539015624,0.020833333333333332,0.020833333333333332,0.0,1.0,1.0,0.9705882352941176,1.0,1.0,240,272,68
hardened_v3_event,100,45,normal_nat_burst,0.47279390835465923,7668,272,7224,272,0.0009689922480620155,1.0,1.0,0,1,239,272,0.0,0.0,0.0,0.8327512254901961,0.853629961975798,0.004166666666666667,0.004166666666666667,0.0,0.0,0.0,0.0,5.0,1.0,240,272,68
supervised_sequence_v6,100,45,normal_nat_burst,0.47279390835465923,7668,272,7224,272,0.0009689922480620155,1.0,1.0,254,1,239,18,0.996078431372549,0.9338235294117647,0.9639468690702088,0.9959405637254902,0.9968041351916944,0.004166666666666667,0.004166666666666667,0.0,1.0,1.0,0.9852941176470589,1.0,1.0,240,272,68
hardened_v3_event,100,46,normal_staggered,0.5586743264331017,7668,272,7224,272,0.0009689922480620155,1.0,1.0,0,0,240,272,0.0,0.0,0.0,0.6604626225490196,0.6989679398472217,0.0,0.004166666666666667,0.0,0.0,0.0,0.0,5.0,1.0,240,272,68
supervised_sequence_v6,100,46,normal_staggered,0.5586743264331017,7668,272,7224,272,0.0009689922480620155,1.0,1.0,241,1,239,31,0.9958677685950413,0.8860294117647058,0.9377431906614786,0.9938572303921568,0.9949863142708171,0.004166666666666667,0.008333333333333333,0.0,1.0,1.0,1.0,1.0,1.0,240,272,68
hardened_v3_event,100,46,normal_nat_burst,0.5350007995185407,7668,272,7224,272,0.0009689922480620155,1.0,1.0,0,1,239,272,0.0,0.0,0.0,0.8334482230392157,0.8632228467386904,0.004166666666666667,0.004166666666666667,0.004166666666666667,0.0,0.0,0.0,5.0,1.0,240,272,68
supervised_sequence_v6,100,46,normal_nat_burst,0.5350007995185407,7668,272,7224,272,0.0009689922480620155,1.0,1.0,248,1,239,24,0.9959839357429718,0.9117647058823529,0.9520153550863724,0.9967371323529411,0.996700710157432,0.004166666666666667,0.004166666666666667,0.004166666666666667,1.0,1.0,1.0,1.0,1.0,240,272,68
hardened_v3_event,500,42,normal_staggered,0.605878333976318,17964,272,15600,272,0.0009615384615384616,1.0,1.0,2,2,1198,270,0.5,0.007352941176470588,0.014492753623188406,0.8065824142156863,0.5858864728824202,0.0016666666666666668,0.0016666666666666668,0.0,0.029411764705882353,0.014705882352941176,0.014705882352941176,5.0,1.0,1200,272,68
supervised_sequence_v6,500,42,normal_staggered,0.605878333976318,17964,272,15600,272,0.0009615384615384616,1.0,1.0,249,3,1197,23,0.9880952380952381,0.9154411764705882,0.950381679389313,0.9962837009803922,0.988484393355893,0.0025,0.0025,0.0,1.0,1.0,0.9852941176470589,1.0,1.0,1200,272,68
hardened_v3_event,500,42,normal_nat_burst,0.6747919625071105,17964,272,15600,272,0.0009615384615384616,1.0,1.0,0,3,1197,272,0.0,0.0,0.0,0.9161871936274508,0.7775697461824458,0.0025,0.0025,0.0,0.0,0.0,0.0,5.0,1.0,1200,272,68
supervised_sequence_v6,500,42,normal_nat_burst,0.6747919625071105,17964,272,15600,272,0.0009615384615384616,1.0,1.0,251,3,1197,21,0.9881889763779528,0.9227941176470589,0.9543726235741445,0.9993075980392158,0.9967269703578063,0.0025,0.0025,0.0,1.0,1.0,0.9852941176470589,1.0,1.0,1200,272,68
hardened_v3_event,500,43,normal_staggered,0.6857373669906567,17964,272,15600,272,0.0009615384615384616,1.0,1.0,0,4,1196,272,0.0,0.0,0.0,0.7994577205882353,0.5818044027482439,0.0033333333333333335,0.0033333333333333335,0.0008333333333333334,0.0,0.0,0.0,5.0,1.0,1200,272,68
supervised_sequence_v6,500,43,normal_staggered,0.6857373669906567,17964,272,15600,272,0.0009615384615384616,1.0,1.0,251,5,1195,21,0.98046875,0.9227941176470589,0.9507575757575757,0.9980821078431372,0.9929299075397203,0.004166666666666667,0.004166666666666667,0.0008333333333333334,1.0,1.0,1.0,1.0,1.0,1200,272,68
hardened_v3_event,500,43,normal_nat_burst,0.5975143802185028,17964,272,15600,272,0.0009615384615384616,1.0,1.0,0,3,1197,272,0.0,0.0,0.0,0.9329656862745099,0.7998944489787891,0.0025,0.0025,0.0008333333333333334,0.0,0.0,0.0,5.0,1.0,1200,272,68
supervised_sequence_v6,500,43,normal_nat_burst,0.5975143802185028,17964,272,15600,272,0.0009615384615384616,1.0,1.0,251,3,1197,21,0.9881889763779528,0.9227941176470589,0.9543726235741445,0.999280024509804,0.9966410328046945,0.0025,0.0025,0.0008333333333333334,1.0,1.0,0.9852941176470589,1.0,1.0,1200,272,68
hardened_v3_event,500,44,normal_staggered,0.6880212745840623,17964,272,15600,272,0.0009615384615384616,1.0,1.0,0,2,1198,272,0.0,0.0,0.0,0.7990533088235294,0.5766303074436911,0.0016666666666666668,0.0016666666666666668,0.0,0.0,0.0,0.0,5.0,1.0,1200,272,68
supervised_sequence_v6,500,44,normal_staggered,0.6880212745840623,17964,272,15600,272,0.0009615384615384616,1.0,1.0,234,2,1198,38,0.9915254237288136,0.8602941176470589,0.9212598425196851,0.9952068014705883,0.9841174479702071,0.0016666666666666668,0.0016666666666666668,0.0,1.0,1.0,1.0,1.0,1.0,1200,272,68
hardened_v3_event,500,44,normal_nat_burst,0.5994079797045307,17964,272,15600,272,0.0009615384615384616,1.0,1.0,0,1,1199,272,0.0,0.0,0.0,0.8926011029411766,0.7623843026623803,0.0008333333333333334,0.0008333333333333334,0.0,0.0,0.0,0.0,5.0,1.0,1200,272,68
supervised_sequence_v6,500,44,normal_nat_burst,0.5994079797045307,17964,272,15600,272,0.0009615384615384616,1.0,1.0,257,1,1199,15,0.9961240310077519,0.9448529411764706,0.9698113207547169,0.9991605392156864,0.9977659689184482,0.0008333333333333334,0.0008333333333333334,0.0,1.0,1.0,1.0,1.0,1.0,1200,272,68
hardened_v3_event,500,45,normal_staggered,0.627540215706062,17964,272,15600,272,0.0009615384615384616,1.0,1.0,0,1,1199,272,0.0,0.0,0.0,0.7960661764705883,0.5708709938718248,0.0008333333333333334,0.0008333333333333334,0.0,0.0,0.0,0.0,5.0,1.0,1200,272,68
supervised_sequence_v6,500,45,normal_staggered,0.627540215706062,17964,272,15600,272,0.0009615384615384616,1.0,1.0,255,3,1197,17,0.9883720930232558,0.9375,0.9622641509433962,0.9985386029411765,0.9941237559783583,0.0025,0.0025,0.0,1.0,1.0,1.0,1.0,1.0,1200,272,68
hardened_v3_event,500,45,normal_nat_burst,0.539297364759338,17964,272,15600,272,0.0009615384615384616,1.0,1.0,0,3,1197,272,0.0,0.0,0.0,0.9231265318627451,0.795842566010753,0.0025,0.0025,0.0,0.0,0.0,0.0,5.0,1.0,1200,272,68
supervised_sequence_v6,500,45,normal_nat_burst,0.539297364759338,17964,272,15600,272,0.0009615384615384616,1.0,1.0,254,3,1197,18,0.9883268482490273,0.9338235294117647,0.9603024574669188,0.99890625,0.9967465341966147,0.0025,0.0025,0.0,1.0,1.0,0.9852941176470589,1.0,1.0,1200,272,68
hardened_v3_event,500,46,normal_staggered,0.5714509353760511,17964,272,15600,272,0.0009615384615384616,1.0,1.0,0,2,1198,272,0.0,0.0,0.0,0.8062775735294119,0.6095168824784251,0.0016666666666666668,0.004166666666666667,0.0,0.0,0.0,0.0,5.0,1.0,1200,272,68
supervised_sequence_v6,500,46,normal_staggered,0.5714509353760511,17964,272,15600,272,0.0009615384615384616,1.0,1.0,257,6,1194,15,0.9771863117870723,0.9448529411764706,0.9607476635514018,0.9973912377450981,0.9910498142373971,0.005,0.0075,0.0,1.0,1.0,1.0,1.0,1.0,1200,272,68
hardened_v3_event,500,46,normal_nat_burst,0.4839960960752812,17964,272,15600,272,0.0009615384615384616,1.0,1.0,0,1,1199,272,0.0,0.0,0.0,0.9103538602941176,0.7826260499087894,0.0008333333333333334,0.0008333333333333334,0.0,0.0,0.0,0.0,5.0,1.0,1200,272,68
supervised_sequence_v6,500,46,normal_nat_burst,0.4839960960752812,17964,272,15600,272,0.0009615384615384616,1.0,1.0,263,1,1199,9,0.9962121212121212,0.9669117647058824,0.9813432835820896,0.9998682598039215,0.9994229433747002,0.0008333333333333334,0.0008333333333333334,0.0,1.0,1.0,1.0,1.0,1.0,1200,272,68
hardened_v3_event,1000,42,normal_staggered,0.6176375223816636,21564,272,16800,272,0.0009523809523809524,1.0,1.0,0,8,2392,272,0.0,0.0,0.0,0.7492746629901961,0.38412199652321244,0.0033333333333333335,0.00375,0.00125,0.0,0.0,0.0,5.0,1.0,2400,272,68
supervised_sequence_v6,1000,42,normal_staggered,0.6176375223816636,21564,272,16800,272,0.0009523809523809524,1.0,1.0,236,9,2391,36,0.963265306122449,0.8676470588235294,0.9129593810444874,0.9973307291666668,0.9804602192713872,0.00375,0.004166666666666667,0.00125,1.0,1.0,1.0,1.0,1.0,2400,272,68
hardened_v3_event,1000,42,normal_nat_burst,0.6496953651007528,21564,272,16800,272,0.0009523809523809524,1.0,1.0,0,3,2397,272,0.0,0.0,0.0,0.8922656250000001,0.6267922896886821,0.00125,0.00125,0.0004166666666666667,0.0,0.0,0.0,5.0,1.0,2400,272,68
supervised_sequence_v6,1000,42,normal_nat_burst,0.6496953651007528,21564,272,16800,272,0.0009523809523809524,1.0,1.0,238,3,2397,34,0.9875518672199171,0.875,0.9278752436647174,0.9990157781862746,0.9922848640820907,0.00125,0.00125,0.0004166666666666667,1.0,1.0,1.0,1.0,1.0,2400,272,68
hardened_v3_event,1000,43,normal_staggered,0.4903052335903947,21564,272,16800,272,0.0009523809523809524,1.0,1.0,1,2,2398,271,0.3333333333333333,0.003676470588235294,0.007272727272727274,0.8265134803921569,0.50257595895257,0.0008333333333333334,0.0016666666666666668,0.0004166666666666667,0.014705882352941176,0.014705882352941176,0.0,5.0,1.0,2400,272,68
supervised_sequence_v6,1000,43,normal_staggered,0.4903052335903947,21564,272,16800,272,0.0009523809523809524,1.0,1.0,250,5,2395,22,0.9803921568627451,0.9191176470588235,0.9487666034155597,0.9964414828431373,0.9841243913513502,0.0020833333333333333,0.002916666666666667,0.0004166666666666667,1.0,1.0,1.0,1.0,1.0,2400,272,68
hardened_v3_event,1000,43,normal_nat_burst,0.6052830894437676,21564,272,16800,272,0.0009523809523809524,1.0,1.0,0,6,2394,272,0.0,0.0,0.0,0.9113304227941177,0.6647993536281476,0.0025,0.0025,0.0008333333333333334,0.0,0.0,0.0,5.0,1.0,2400,272,68
supervised_sequence_v6,1000,43,normal_nat_burst,0.6052830894437676,21564,272,16800,272,0.0009523809523809524,1.0,1.0,252,6,2394,20,0.9767441860465116,0.9264705882352942,0.9509433962264151,0.9987814031862746,0.989308828614621,0.0025,0.0025,0.0008333333333333334,1.0,1.0,0.9852941176470589,1.0,1.0,2400,272,68
hardened_v3_event,1000,44,normal_staggered,0.5929180268117366,21564,272,16800,272,0.0009523809523809524,1.0,1.0,0,5,2395,272,0.0,0.0,0.0,0.769227175245098,0.4105184352996709,0.0020833333333333333,0.0020833333333333333,0.00125,0.0,0.0,0.0,5.0,1.0,2400,272,68
supervised_sequence_v6,1000,44,normal_staggered,0.5929180268117366,21564,272,16800,272,0.0009523809523809524,1.0,1.0,245,9,2391,27,0.9645669291338582,0.9007352941176471,0.9315589353612167,0.9980185355392157,0.9813678003090518,0.00375,0.00375,0.00125,1.0,1.0,0.9852941176470589,1.0,1.0,2400,272,68
hardened_v3_event,1000,44,normal_nat_burst,0.5880132999600324,21564,272,16800,272,0.0009523809523809524,1.0,1.0,0,8,2392,272,0.0,0.0,0.0,0.8982276348039216,0.6282626218877436,0.0033333333333333335,0.0033333333333333335,0.0004166666666666667,0.0,0.0,0.0,5.0,1.0,2400,272,68
supervised_sequence_v6,1000,44,normal_nat_burst,0.5880132999600324,21564,272,16800,272,0.0009523809523809524,1.0,1.0,251,8,2392,21,0.9691119691119691,0.9227941176470589,0.9453860640301317,0.9981632965686275,0.9880269654811538,0.0033333333333333335,0.0033333333333333335,0.0004166666666666667,1.0,1.0,1.0,1.0,1.0,2400,272,68
hardened_v3_event,1000,45,normal_staggered,0.4313039185441355,21564,272,16800,272,0.0009523809523809524,1.0,1.0,1,1,2399,271,0.5,0.003676470588235294,0.0072992700729927005,0.8313304227941176,0.5111879960559799,0.0004166666666666667,0.0004166666666666667,0.0,0.014705882352941176,0.0,0.014705882352941176,5.0,1.0,2400,272,68
supervised_sequence_v6,1000,45,normal_staggered,0.4313039185441355,21564,272,16800,272,0.0009523809523809524,1.0,1.0,264,7,2393,8,0.974169741697417,0.9705882352941176,0.9723756906077349,0.9989468443627452,0.9930024507637697,0.002916666666666667,0.002916666666666667,0.0,1.0,1.0,1.0,1.0,1.0,2400,272,68
hardened_v3_event,1000,45,normal_nat_burst,0.7003271327380686,21564,272,16800,272,0.0009523809523809524,1.0,0.9852941176470589,0,4,2396,272,0.0,0.0,0.0,0.8788066789215686,0.588831656795471,0.0016666666666666668,0.0016666666666666668,0.0,0.0,0.0,0.0,5.0,1.0,2400,272,68
supervised_sequence_v6,1000,45,normal_nat_burst,0.7003271327380686,21564,272,16800,272,0.0009523809523809524,1.0,0.9852941176470589,236,4,2396,36,0.9833333333333333,0.8676470588235294,0.9218749999999999,0.9993918504901961,0.9948309118964098,0.0016666666666666668,0.0016666666666666668,0.0,1.0,0.9852941176470589,1.0,1.0,1.0,2400,272,68
hardened_v3_event,1000,46,normal_staggered,0.5692569572540155,21564,272,16800,272,0.0009523809523809524,1.0,1.0,0,0,2400,272,0.0,0.0,0.0,0.7623636642156861,0.445007803310023,0.0,0.0,0.0,0.0,0.0,0.0,5.0,1.0,2400,272,68
supervised_sequence_v6,1000,46,normal_staggered,0.5692569572540155,21564,272,16800,272,0.0009523809523809524,1.0,1.0,242,6,2394,30,0.9758064516129032,0.8897058823529411,0.9307692307692308,0.9952297794117647,0.9711361759715831,0.0025,0.0025,0.0,1.0,1.0,1.0,1.0,1.0,2400,272,68
hardened_v3_event,1000,46,normal_nat_burst,0.5056203379012085,21564,272,16800,272,0.0009523809523809524,1.0,1.0,0,6,2394,272,0.0,0.0,0.0,0.8802098651960785,0.5940353515425738,0.0025,0.0025,0.0,0.0,0.0,0.0,5.0,1.0,2400,272,68
supervised_sequence_v6,1000,46,normal_nat_burst,0.5056203379012085,21564,272,16800,272,0.0009523809523809524,1.0,1.0,258,7,2393,14,0.9735849056603774,0.9485294117647058,0.9608938547486032,0.9995251225490195,0.9956028816027299,0.002916666666666667,0.002916666666666667,0.0,1.0,1.0,1.0,1.0,1.0,2400,272,68
hardened_v3_event,5000,42,normal_staggered,0.5824263629602475,50364,272,26400,272,0.000984848484848485,1.0,0.9852941176470589,0,18,11982,272,0.0,0.0,0.0,0.719100643382353,0.13411847000301602,0.0015,0.0020833333333333333,0.0005,0.0,0.0,0.0,5.0,1.0,12000,272,68
supervised_sequence_v6,5000,42,normal_staggered,0.5824263629602475,50364,272,26400,272,0.000984848484848485,1.0,0.9852941176470589,238,25,11975,34,0.9049429657794676,0.875,0.8897196261682243,0.9968630514705883,0.9298855026245056,0.0020833333333333333,0.0026666666666666666,0.0005,1.0,0.9852941176470589,1.0,1.0,1.0,12000,272,68
hardened_v3_event,5000,42,normal_nat_burst,0.638887088452529,50364,272,26400,272,0.000984848484848485,1.0,1.0,0,23,11977,272,0.0,0.0,0.0,0.917795955882353,0.429067882365303,0.0019166666666666666,0.0019166666666666666,0.00016666666666666666,0.0,0.0,0.0,5.0,1.0,12000,272,68
supervised_sequence_v6,5000,42,normal_nat_burst,0.638887088452529,50364,272,26400,272,0.000984848484848485,1.0,1.0,238,23,11977,34,0.9118773946360154,0.875,0.8930581613508443,0.9995314031862745,0.9776878346398692,0.0019166666666666666,0.0019166666666666666,0.00016666666666666666,1.0,1.0,1.0,1.0,1.0,12000,272,68
hardened_v3_event,5000,43,normal_staggered,0.47529111198564783,50364,272,26400,272,0.000984848484848485,1.0,1.0,0,17,11983,272,0.0,0.0,0.0,0.7965859375,0.22420495850817818,0.0014166666666666668,0.0015833333333333333,0.0004166666666666667,0.0,0.0,0.0,5.0,1.0,12000,272,68
supervised_sequence_v6,5000,43,normal_staggered,0.47529111198564783,50364,272,26400,272,0.000984848484848485,1.0,1.0,255,25,11975,17,0.9107142857142857,0.9375,0.9239130434782609,0.9990272671568627,0.9602529407188866,0.0020833333333333333,0.00225,0.0004166666666666667,1.0,1.0,1.0,1.0,1.0,12000,272,68
hardened_v3_event,5000,43,normal_nat_burst,0.4584331712712883,50364,272,26400,272,0.000984848484848485,1.0,1.0,0,23,11977,272,0.0,0.0,0.0,0.9068477328431372,0.40274300240163075,0.0019166666666666666,0.0019166666666666666,0.0004166666666666667,0.0,0.0,0.0,5.0,1.0,12000,272,68
supervised_sequence_v6,5000,43,normal_nat_burst,0.4584331712712883,50364,272,26400,272,0.000984848484848485,1.0,1.0,256,23,11977,16,0.9175627240143369,0.9411764705882353,0.9292196007259528,0.9990487132352941,0.9635746192572374,0.0019166666666666666,0.0019166666666666666,0.0004166666666666667,1.0,1.0,1.0,1.0,1.0,12000,272,68
hardened_v3_event,5000,44,normal_staggered,0.507861627561508,50364,272,26400,272,0.000984848484848485,1.0,1.0,2,19,11981,270,0.09523809523809523,0.007352941176470588,0.0136518771331058,0.7847840073529411,0.17700913617508207,0.0015833333333333333,0.0015833333333333333,0.00025,0.029411764705882353,0.014705882352941176,0.014705882352941176,5.0,1.0,12000,272,68
supervised_sequence_v6,5000,44,normal_staggered,0.507861627561508,50364,272,26400,272,0.000984848484848485,1.0,1.0,247,35,11965,25,0.875886524822695,0.9080882352941176,0.8916967509025271,0.9970424325980392,0.944074408089535,0.002916666666666667,0.002916666666666667,0.00025,1.0,1.0,1.0,1.0,1.0,12000,272,68
hardened_v3_event,5000,44,normal_nat_burst,0.5135701610005428,50364,272,26400,272,0.000984848484848485,1.0,1.0,0,16,11984,272,0.0,0.0,0.0,0.8994018075980392,0.37921788586368765,0.0013333333333333333,0.0013333333333333333,0.0005833333333333334,0.0,0.0,0.0,5.0,1.0,12000,272,68
supervised_sequence_v6,5000,44,normal_nat_burst,0.5135701610005428,50364,272,26400,272,0.000984848484848485,1.0,1.0,257,17,11983,15,0.9379562043795621,0.9448529411764706,0.9413919413919414,0.9989117647058824,0.974490608141564,0.0014166666666666668,0.0014166666666666668,0.0005833333333333334,1.0,1.0,1.0,1.0,1.0,12000,272,68
hardened_v3_event,5000,45,normal_staggered,0.5005097945087313,50364,272,26400,272,0.000984848484848485,1.0,1.0,0,20,11980,272,0.0,0.0,0.0,0.7489375,0.1462109986245706,0.0016666666666666668,0.0018333333333333333,0.0008333333333333334,0.0,0.0,0.0,5.0,1.0,12000,272,68
supervised_sequence_v6,5000,45,normal_staggered,0.5005097945087313,50364,272,26400,272,0.000984848484848485,1.0,1.0,253,35,11965,19,0.8784722222222222,0.9301470588235294,0.9035714285714285,0.9978092830882354,0.9261470539258148,0.002916666666666667,0.0030833333333333333,0.0008333333333333334,1.0,1.0,1.0,1.0,1.0,12000,272,68
hardened_v3_event,5000,45,normal_nat_burst,0.592790289788778,50364,272,26400,272,0.000984848484848485,1.0,1.0,0,12,11988,272,0.0,0.0,0.0,0.9059148284313725,0.4227143166290068,0.001,0.001,0.00016666666666666666,0.0,0.0,0.0,5.0,1.0,12000,272,68
supervised_sequence_v6,5000,45,normal_nat_burst,0.592790289788778,50364,272,26400,272,0.000984848484848485,1.0,1.0,243,12,11988,29,0.9529411764705882,0.8933823529411765,0.9222011385199241,0.9994837622549019,0.9784025124681077,0.001,0.001,0.00016666666666666666,1.0,1.0,1.0,1.0,1.0,12000,272,68
hardened_v3_event,5000,46,normal_staggered,0.5239579382142204,50364,272,26400,272,0.000984848484848485,1.0,1.0,0,15,11985,272,0.0,0.0,0.0,0.7945329350490196,0.17594886924557698,0.00125,0.0013333333333333333,0.00025,0.0,0.0,0.0,5.0,1.0,12000,272,68
supervised_sequence_v6,5000,46,normal_staggered,0.5239579382142204,50364,272,26400,272,0.000984848484848485,1.0,1.0,250,31,11969,22,0.8896797153024911,0.9191176470588235,0.9041591320072333,0.996990962009804,0.9515296259910814,0.0025833333333333333,0.0026666666666666666,0.00025,1.0,1.0,1.0,1.0,1.0,12000,272,68
hardened_v3_event,5000,46,normal_nat_burst,0.6184528537283661,50364,272,26400,272,0.000984848484848485,1.0,1.0,0,16,11984,272,0.0,0.0,0.0,0.8958932291666666,0.38168333247923353,0.0013333333333333333,0.0013333333333333333,0.00025,0.0,0.0,0.0,5.0,1.0,12000,272,68
supervised_sequence_v6,5000,46,normal_nat_burst,0.6184528537283661,50364,272,26400,272,0.000984848484848485,1.0,1.0,233,16,11984,39,0.9357429718875502,0.8566176470588235,0.8944337811900192,0.9986358762254902,0.970245806207594,0.0013333333333333333,0.0013333333333333333,0.00025,1.0,1.0,1.0,1.0,1.0,12000,272,68
