model,features,warn_fpr,warn_recall,challenge_fpr_simulated,challenge_recall_simulated,PR_AP,ROC_AUC,ROC_recall_FPR_le_1pct,additional_attacks,model_only_p95_ms
baseline_23,23,0.01,0.04791666666666667,0.0004166666666666667,0.0020833333333333333,0.25658284944693005,0.5802812500000001,0.052083333333333336,1,2.6927191995127937
plus_recovery_reset,27,0.0075,0.0625,0.0008333333333333334,0.010416666666666666,0.2866954529126212,0.6189157986111111,0.08541666666666667,1,2.644361499551451
plus_auth_method,28,0.007916666666666667,0.05416666666666667,0.0025,0.014583333333333334,0.27961287097370235,0.6054157986111112,0.075,0,3.033397900071577
plus_aaguid,26,0.015,0.06666666666666667,0.0008333333333333334,0.008333333333333333,0.27829458687036035,0.6121575520833333,0.05625,0,2.325717099483881
plus_language,26,0.01,0.05625,0.00125,0.01875,0.27331629424619974,0.6027326388888888,0.05625,3,2.1408180497019202
all_38,38,0.009166666666666667,0.04583333333333333,0.0004166666666666667,0.010416666666666666,0.3045498161697351,0.6764605034722222,0.04791666666666667,2,2.1552238003096136
new_only_15,15,0.01375,0.09791666666666667,0.00125,0.010416666666666666,0.3622220789050057,0.7152230902777778,0.07708333333333334,35,1.640290350132999
single_recovery_observed,24,0.009583333333333333,0.06458333333333334,0.00125,0.00625,0.2754991945678148,0.5976458333333333,0.07083333333333333,1,1.4574301499123976
single_recovery_log1p_hours,24,0.0075,0.0625,0.00125,0.00625,0.27367136045598306,0.5790173611111111,0.08333333333333333,1,1.737843999671895
single_factor_reset_observed,24,0.007916666666666667,0.07708333333333334,0.0016666666666666668,0.010416666666666666,0.28873092153948965,0.6090078125,0.08541666666666667,1,1.5333638492847967
single_factor_reset_log1p_hours,24,0.00875,0.075,0.0016666666666666668,0.010416666666666666,0.2689652718481711,0.5754991319444445,0.07708333333333334,1,1.7360000002554443
single_auth_method_known,24,0.005416666666666667,0.03958333333333333,0.0,0.0020833333333333333,0.2765870431989013,0.5834288194444445,0.08541666666666667,1,1.8163750004532624
single_auth_phishing_resistant,24,0.00875,0.08541666666666667,0.0004166666666666667,0.004166666666666667,0.2785165303737971,0.5869587673611112,0.0875,1,1.6940008511483027
single_prior_auth_observed,24,0.01,0.08125,0.0004166666666666667,0.008333333333333333,0.27363056655436213,0.5789782986111112,0.08125,1,2.0090854995942204
single_prior_passkey_rate,24,0.010416666666666666,0.075,0.0008333333333333334,0.00625,0.27388589403285346,0.5855833333333333,0.075,1,1.7860334998658798
single_auth_method_departure,24,0.00625,0.06875,0.00125,0.008333333333333333,0.289320894077414,0.6083602430555556,0.08125,2,2.5695746506244177
single_aaguid_known,24,0.00875,0.08541666666666667,0.0004166666666666667,0.004166666666666667,0.2785165303737971,0.5869587673611112,0.0875,1,1.4744724505362683
single_prior_aaguid_observed,24,0.01,0.08125,0.0004166666666666667,0.008333333333333333,0.27363056655436213,0.5789782986111112,0.08125,1,1.9967512999755848
single_aaguid_novel,24,0.01,0.06875,0.00125,0.008333333333333333,0.2978469307407028,0.6212612847222222,0.075,2,1.4988454004196683
single_language_known,24,0.005416666666666667,0.03958333333333333,0.0,0.0020833333333333333,0.2765870431989013,0.5834288194444445,0.08541666666666667,1,1.734347300225636
single_prior_language_observed,24,0.01,0.08125,0.0004166666666666667,0.008333333333333333,0.27363056655436213,0.5789782986111112,0.08125,1,1.8192322995673749
single_language_novel,24,0.00875,0.075,0.0004166666666666667,0.004166666666666667,0.29634298715528246,0.6155277777777778,0.09166666666666666,3,1.817362551264523
